2.4463915824890137,0.066,0.958,-0.204,0.9817005653456659
2.4463915824890137,0.066,0.958,-0.204,0.9817005653456659
2.4587626457214355,0.066,0.958,-0.203,0.9814932501041461
2.4587626457214355,0.065,0.958,-0.204,0.9816338421224077
2.4742934703826904,0.065,0.958,-0.204,0.9816338421224077
2.479888916015625,0.066,0.958,-0.204,0.9817005653456659
2.479888916015625,0.066,0.958,-0.204,0.9817005653456659
2.506147623062134,0.066,0.958,-0.204,0.9817005653456659
2.506147623062134,0.066,0.957,-0.204,0.9807247320221918
2.5274555683135986,0.066,0.957,-0.204,0.9807247320221918
2.5498454570770264,0.067,0.958,-0.204,0.9817683026050494
2.551023244857788,0.067,0.957,-0.203,0.9805850294594548
2.552154779434204,0.066,0.957,-0.203,0.9805172104557879
2.559089422225952,0.065,0.957,-0.203,0.9804504067009202
2.5784554481506348,0.065,0.957,-0.203,0.9804504067009202
2.5784554481506348,0.066,0.957,-0.203,0.9805172104557879
2.5907142162323,0.066,0.957,-0.203,0.9805172104557879
2.5907142162323,0.066,0.957,-0.204,0.9807247320221918
2.6068642139434814,0.066,0.957,-0.204,0.9807247320221918
2.622675895690918,0.066,0.958,-0.203,0.9814932501041461
2.638559103012085,0.066,0.957,-0.203,0.9805172104557879
2.638559103012085,0.066,0.958,-0.204,0.9817005653456659
2.6869304180145264,0.066,0.958,-0.203,0.9814932501041461
2.6869304180145264,0.066,0.958,-0.203,0.9814932501041461
2.6869304180145264,0.066,0.958,-0.203,0.9814932501041461
2.690011501312256,0.066,0.958,-0.203,0.9814932501041461
2.712604284286499,0.067,0.957,-0.203,0.9805850294594548
2.712604284286499,0.067,0.956,-0.204,0.9798168196147685
2.7183401584625244,0.067,0.957,-0.204,0.9807925366763349
2.734114408493042,0.067,0.958,-0.204,0.9817683026050494
2.734114408493042,0.067,0.958,-0.203,0.9815610016702986
2.7598886489868164,0.067,0.958,-0.202,0.9813546759454503
2.775160551071167,0.067,0.958,-0.203,0.9815610016702986
2.775160551071167,0.067,0.958,-0.204,0.9817683026050494
2.781813621520996,0.067,0.958,-0.204,0.9817683026050494
2.8027029037475586,0.066,0.958,-0.204,0.9817005653456659
2.8027029037475586,0.065,0.959,-0.204,0.9826097903033533
2.8134775161743164,0.065,0.959,-0.204,0.9826097903033533
2.8292222023010254,0.065,0.958,-0.204,0.9816338421224077
2.8292222023010254,0.066,0.957,-0.204,0.9807247320221918
2.845165729522705,0.066,0.957,-0.205,0.9809332291241846
2.845165729522705,0.066,0.957,-0.204,0.9807247320221918
2.8778443336486816,0.066,0.957,-0.203,0.9805172104557879
2.8778443336486816,0.066,0.956,-0.203,0.979541219142921
2.911520481109619,0.066,0.957,-0.203,0.9805172104557879
2.9120943546295166,0.065,0.958,-0.203,0.9814265127863624
2.912614107131958,0.065,0.958,-0.204,0.9816338421224077
2.9132747650146484,0.065,0.958,-0.204,0.9816338421224077
2.9404172897338867,0.065,0.958,-0.204,0.9816338421224077
2.9404172897338867,0.066,0.958,-0.204,0.9817005653456659
2.9404172897338867,0.066,0.958,-0.204,0.9817005653456659
2.9665865898132324,0.065,0.958,-0.204,0.9816338421224077
2.9665865898132324,0.065,0.958,-0.204,0.9816338421224077
3.014881134033203,0.066,0.958,-0.203,0.9814932501041461
3.014881134033203,0.066,0.958,-0.203,0.9814932501041461
3.014881134033203,0.067,0.958,-0.203,0.9815610016702986
3.030704975128174,0.067,0.957,-0.203,0.9805850294594548
3.030704975128174,0.067,0.957,-0.203,0.9805850294594548
3.030704975128174,0.066,0.957,-0.204,0.9807247320221918
3.0528225898742676,0.066,0.957,-0.204,0.9807247320221918
3.0528225898742676,0.066,0.957,-0.203,0.9805172104557879
3.0680642127990723,0.066,0.957,-0.203,0.9805172104557879
3.0838425159454346,0.066,0.958,-0.205,0.9819088552406481
3.0838425159454346,0.066,0.957,-0.205,0.9809332291241846
3.119347333908081,0.066,0.957,-0.205,0.9809332291241846
3.119347333908081,0.066,0.958,-0.204,0.9817005653456659
3.119347333908081,0.066,0.958,-0.204,0.9817005653456659
3.1314995288848877,0.066,0.958,-0.204,0.9817005653456659
3.1478371620178223,0.065,0.957,-0.204,0.980657942403976
3.163966655731201,0.066,0.957,-0.203,0.9805172104557879
3.163966655731201,0.067,0.958,-0.203,0.9815610016702986
3.1791164875030518,0.066,0.958,-0.203,0.9814932501041461
3.2108256816864014,0.066,0.958,-0.204,0.9817005653456659
3.2108256816864014,0.066,0.958,-0.204,0.9817005653456659
3.2108256816864014,0.066,0.957,-0.204,0.9807247320221918
3.2108256816864014,0.066,0.957,-0.203,0.9805172104557879
3.2108256816864014,0.065,0.957,-0.203,0.9804504067009202
3.230302095413208,0.065,0.958,-0.203,0.9814265127863624
3.230302095413208,0.066,0.958,-0.204,0.9817005653456659
3.252723217010498,0.066,0.958,-0.204,0.9817005653456659
3.25823974609375,0.066,0.958,-0.205,0.9819088552406481
3.25823974609375,0.065,0.958,-0.204,0.9816338421224077
3.2765839099884033,0.065,0.958,-0.204,0.9816338421224077
3.290226936340332,0.066,0.958,-0.204,0.9817005653456659
3.290226936340332,0.065,0.958,-0.204,0.9816338421224077
3.3163769245147705,0.065,0.958,-0.203,0.9814265127863624
3.3220181465148926,0.065,0.958,-0.203,0.9814265127863624
3.3220181465148926,0.065,0.958,-0.203,0.9814265127863624
3.354220390319824,0.065,0.958,-0.202,0.9812201587819116
3.354220390319824,0.066,0.958,-0.203,0.9814932501041461
3.3766062259674072,0.067,0.958,-0.203,0.9815610016702986
3.3766062259674072,0.067,0.958,-0.203,0.9815610016702986
3.386545419692993,0.066,0.958,-0.204,0.9817005653456659
3.4177472591400146,0.065,0.958,-0.204,0.9816338421224077
3.4177472591400146,0.065,0.957,-0.205,0.9808664537030513
3.4177472591400146,0.066,0.957,-0.204,0.9807247320221918
3.4335579872131348,0.066,0.957,-0.203,0.9805172104557879
3.4335579872131348,0.067,0.957,-0.203,0.9805850294594548
3.449796676635742,0.066,0.958,-0.203,0.9814932501041461
3.4522640705108643,0.066,0.958,-0.203,0.9814932501041461
3.465395212173462,0.066,0.958,-0.204,0.9817005653456659
3.4770355224609375,0.066,0.958,-0.204,0.9817005653456659
3.517085313796997,0.064,0.958,-0.203,0.9813607899238689
3.517085313796997,0.065,0.958,-0.204,0.9816338421224077
3.517085313796997,0.066,0.958,-0.204,0.9817005653456659
3.530043840408325,0.066,0.958,-0.203,0.9814932501041461
3.530043840408325,0.065,0.958,-0.202,0.9812201587819116
3.5555708408355713,0.065,0.958,-0.204,0.9816338421224077
3.5555708408355713,0.066,0.957,-0.204,0.9807247320221918
3.5772311687469482,0.067,0.957,-0.204,0.9807925366763349
3.5772311687469482,0.067,0.958,-0.204,0.9817683026050494
3.593276262283325,0.066,0.958,-0.203,0.9814932501041461
3.593276262283325,0.065,0.958,-0.203,0.9814265127863624
3.6090729236602783,0.065,0.958,-0.203,0.9814265127863624
3.6090729236602783,0.067,0.947,-0.196,0.9693884670244431
3.6761696338653564,0.06,0.931,-0.179,0.9499484196523516
3.6761696338653564,0.063,0.942,-0.19,0.9630332289178811
3.6777184009552,0.069,0.958,-0.205,0.9821150645418285
3.6777184009552,0.068,0.97,-0.217,0.9962996537186992
3.735394239425659,0.06,0.978,-0.231,1.006700054633951
3.735394239425659,0.064,0.976,-0.231,1.0050039800916213
3.735394239425659,0.07,0.97,-0.227,0.9986636070269107
3.786973714828491,0.078,0.968,-0.224,0.9966363429054752
3.786973714828491,0.06,0.982,-0.227,1.0096796521669633
3.786973714828491,0.06,0.982,-0.227,1.0096796521669633
3.8467133045196533,0.044,0.942,-0.184,0.9608100748847297
3.8467133045196533,0.075,0.901,-0.153,0.9169705556886764
3.8567399978637695,0.093,0.938,-0.187,0.960969302319278
3.909912109375,0.069,0.983,-0.235,1.0130523184910047
3.909912109375,0.06,0.964,-0.212,0.9888579271058102
3.909912109375,0.054,0.94,-0.185,0.9595524998664742
3.973323345184326,0.069,0.911,-0.163,0.9280360984358313
3.973323345184326,0.077,0.964,-0.215,0.990681583557502
3.973323345184326,0.069,0.975,-0.226,1.0032257971164817
4.025173664093018,0.07,0.982,-0.239,1.0130868669566298
4.037228345870972,0.083,0.952,-0.212,0.9788447272167328
4.037228345870972,0.077,0.945,-0.202,0.9694111614789671
4.085257291793823,0.078,0.934,-0.193,0.9569164017823083
4.085257291793823,0.079,0.935,-0.195,0.958379361213502
4.085257291793823,0.074,0.941,-0.198,0.9644485470982886
4.149054765701294,0.064,0.946,-0.202,0.9694410760845653
4.149054765701294,0.069,0.909,-0.176,0.9284492447086163
4.149054765701294,0.071,0.899,-0.17,0.9176829517867269
4.212605714797974,0.078,0.874,-0.161,0.8921216284789872
4.212605714797974,0.09,0.837,-0.185,0.8619129886479261
4.212605714797974,0.104,0.821,-0.252,0.8650786091448568
4.2761852741241455,0.124,0.833,-0.349,0.9116282136924021
4.2761852741241455,0.153,1.076,-0.409,1.1612346877354294
4.2761852741241455,0.162,1.344,-0.411,1.4147441464802037
4.324132680892944,0.201,1.8,-0.401,1.85504770828138
4.395984888076782,0.283,2.263,-0.308,2.301330484741381
4.396225929260254,0.283,2.263,-0.308,2.301330484741381
4.397289514541626,0.231,2.082,-0.279,2.1132737636189023
4.398311376571655,0.196,1.574,-0.428,1.6428864842100321
4.4557061195373535,0.122,1.178,-0.492,1.2824320644774911
4.4557061195373535,0.048,0.887,-0.45,0.9957775856083526
4.4557061195373535,0.029,0.88,-0.428,0.9789918283622188
4.515926122665405,-0.009,0.961,-0.404,1.0425056354763749
4.515926122665405,-0.033,1.07,-0.345,1.1247284116621221
4.515926122665405,-0.032,1.122,-0.316,1.1660891904138382
4.567596912384033,-0.03,1.228,-0.247,1.2529537102383312
4.567596912384033,-0.025,1.177,-0.232,1.199907496434621
4.567596912384033,-0.024,1.135,-0.228,1.1579227089922712
4.628191947937012,-0.002,1.04,-0.22,1.0630164627135368
4.628191947937012,0.053,0.891,-0.236,0.923247529105819
4.628191947937012,0.068,0.836,-0.249,0.8749405694102885
4.692034006118774,0.083,0.736,-0.281,0.7921780102981905
4.692034006118774,0.089,0.632,-0.292,0.7018610973689879
4.692034006118774,0.089,0.632,-0.292,0.7018610973689879
4.813089609146118,0.088,0.581,-0.269,0.646270841056596
4.813089609146118,0.093,0.604,-0.27,0.668105530586299
4.813089609146118,0.096,0.617,-0.27,0.6802977289393226
4.813089609146118,0.099,0.662,-0.267,0.7206483192237391
4.866295337677002,0.086,0.913,-0.286,0.9606044971787296
4.866295337677002,0.101,0.993,-0.337,1.0534794729846424
4.866295337677002,0.099,0.95,-0.353,1.0182877785773528
4.936334133148193,0.076,0.833,-0.375,0.9166733333090911
4.936334133148193,0.066,0.676,-0.425,0.8012221914051058
4.936334133148193,0.078,0.671,-0.439,0.8056339118979539
4.995610237121582,0.111,0.782,-0.461,0.9145304806292681
4.996717214584351,0.183,1.088,-0.557,1.2359134273888281
4.997751235961914,0.208,1.22,-0.605,1.3775663323412053
5.052123546600342,0.273,1.732,-0.768,1.9142040121157409
5.057184219360352,0.31,2.128,-0.847,2.311253555973468
5.057184219360352,0.328,2.326,-0.868,2.5042531820884246
5.1152284145355225,0.346,2.796,-0.857,2.9447887869930502
5.1152284145355225,0.335,2.847,-0.828,2.9838260673169272
5.168951511383057,0.319,2.809,-0.832,2.9469418046510523
5.232506513595581,0.271,2.669,-0.853,2.815068560443955
5.232506513595581,0.199,2.216,-0.836,2.3767946903340222
5.232506513595581,0.193,2.113,-0.817,2.2736549870197984
5.232506513595581,0.181,1.84,-0.731,1.9881453669186264
5.296361207962036,0.165,1.61,-0.693,1.7605607061388142
5.296717405319214,0.146,1.265,-0.543,1.3843373866222062
5.296717405319214,0.146,1.265,-0.543,1.3843373866222062
5.3549299240112305,0.138,1.167,-0.484,1.2709008615938537
5.3549299240112305,0.134,0.975,-0.369,1.0510670768319212
5.3549299240112305,0.124,0.93,-0.339,0.9975956094530489
5.407945156097412,0.096,0.835,-0.279,0.8855969737979009
5.407945156097412,0.055,0.679,-0.197,0.7091367992143689
5.407945156097412,0.041,0.631,-0.175,0.6560998399634007
5.471390962600708,0.021,0.539,-0.135,0.556045861417923
5.471390962600708,0.006,0.418,-0.085,0.42659699952062485
5.471390962600708,0.001,0.328,-0.064,0.3341870733586205
5.534900188446045,0.0,0.269,-0.046,0.2729047452867026
5.534900188446045,0.001,0.241,-0.031,0.24298765400735897
5.534900188446045,0.002,0.235,-0.024,0.23623081932719955
5.583214282989502,0.002,0.224,-0.012,0.2243301138946798
5.583214282989502,-0.003,0.219,0.005,0.21907761181827776
5.598488092422485,-0.003,0.219,0.005,0.21907761181827776
5.6560914516448975,0.003,0.215,0.016,0.21561539833694623
5.6560914516448975,0.013,0.24,0.03,0.24221684499637922
5.6560914516448975,0.014,0.26,0.031,0.26221556017902525
5.710489273071289,0.011,0.324,0.026,0.32522761260385014
5.710489273071289,0.007,0.374,0.007,0.3741309931026832
5.710489273071289,0.006,0.408,-0.007,0.4081041533726409
5.77589750289917,0.011,0.483,-0.045,0.4852164465473115
5.77589750289917,0.018,0.557,-0.141,0.5748512851164204
5.77589750289917,0.015,0.617,-0.186,0.6446006515665339
5.820965528488159,0.011,0.775,-0.3,0.8311113042186348
5.836611032485962,0.009,0.876,-0.496,1.0067139613614187
5.837667942047119,0.015,0.911,-0.563,1.07103454659502
5.888503551483154,0.054,1.0,-0.7,1.2218494178907644
5.888503551483154,0.162,0.996,-0.803,1.289600325682341
5.888503551483154,0.188,0.962,-0.805,1.2683899242740775
5.949537515640259,0.211,0.895,-0.782,1.2070915458240936
5.949537515640259,0.218,0.848,-0.683,1.1104580136142024
5.949537515640259,0.208,0.862,-0.648,1.0982768321329555
6.013034105300903,0.183,1.131,-0.546,1.2691595644362452
6.013034105300903,0.156,1.482,-0.52,1.5783092219207235
6.013034105300903,0.132,1.672,-0.539,1.7616835697706896
6.076735973358154,0.14,2.134,-0.617,2.2258133344914617
6.076735973358154,0.211,2.328,-0.673,2.4324954265116303
6.076735973358154,0.252,2.404,-0.711,2.5195715905685234
6.1257405281066895,0.333,2.446,-0.793,2.59280813019398
6.1257405281066895,0.35,2.113,-0.866,2.310243493660354
6.1257405281066895,0.324,1.993,-0.873,2.1998077188699927
6.188348770141602,0.3,1.847,-0.843,2.052329895509004
6.188348770141602,0.273,1.705,-0.732,1.8754674084078349
6.188348770141602,0.243,1.689,-0.709,1.8478233140644156
6.252131223678589,0.188,1.723,-0.653,1.8521560409425553
6.252131223678589,0.151,1.72,-0.542,1.8096864369276795
6.252131223678589,0.141,1.688,-0.519,1.7716054865573205
6.315931081771851,0.084,1.562,-0.494,1.6404072665042666
6.36354660987854,0.009,1.524,-0.487,1.5999456240760184
6.36354660987854,-0.018,1.522,-0.491,1.599340176447775
6.36354660987854,0.014,1.45,-0.498,1.5331992695015217
6.36354660987854,0.109,1.194,-0.446,1.2792314098707864
6.427532196044922,0.115,1.091,-0.42,1.1746940027087904
6.427532196044922,0.114,0.778,-0.364,0.866473311764419
6.491787672042847,0.109,0.727,-0.356,0.8167900587054179
6.491787672042847,0.102,0.697,-0.332,0.7787406500241271
6.491787672042847,0.126,0.797,-0.399,0.9001588748659872
6.491787672042847,0.149,0.868,-0.449,0.9885474191964693
6.554872274398804,0.256,1.368,-0.634,1.52935149655009
6.557352066040039,0.322,1.887,-0.73,2.0487442495343338
6.558220863342285,0.339,2.163,-0.764,2.3188760208342316
6.612535238265991,0.358,2.626,-0.815,2.7727720786245666
6.612535238265991,0.372,2.972,-0.882,3.122353599450261
6.612535238265991,0.345,3.012,-0.901,3.1627472235384224
6.669673204421997,0.26,2.988,-0.937,3.142246489376669
6.669673204421997,0.218,2.798,-0.951,2.9632294882442025
6.669673204421997,0.218,2.798,-0.951,2.9632294882442025
6.729764461517334,0.24,2.712,-0.909,2.8703353462618266
6.729764461517334,0.173,2.177,-0.843,2.340920118244106
6.793419122695923,0.173,2.177,-0.843,2.340920118244106
6.793419122695923,0.166,1.92,-0.799,2.086230332441746
6.793419122695923,0.166,1.605,-0.679,1.7506061807271218
6.793419122695923,0.175,1.541,-0.649,1.6812218770882086
6.8564088344573975,0.193,1.309,-0.564,1.4383414059255888
6.8564088344573975,0.202,1.142,-0.501,1.2633166665567266
6.8564088344573975,0.202,1.142,-0.501,1.2633166665567266
6.914615869522095,0.191,0.979,-0.449,1.093856937629414
6.914615869522095,0.135,0.777,-0.401,0.8847344234288615
6.914615869522095,0.128,0.747,-0.382,0.848714910909429
6.96875262260437,0.12,0.69,-0.329,0.7737835614692263
6.96875262260437,0.129,0.608,-0.247,0.66881537063677
6.96875262260437,0.129,0.608,-0.247,0.66881537063677
7.033176422119141,0.149,0.552,-0.156,0.5926558866661159
7.033176422119141,0.139,0.495,-0.067,0.5184930086317462
7.033176422119141,0.13,0.472,-0.041,0.49128912057972546
7.095789194107056,0.111,0.376,0.017,0.3924104993498518
7.095789194107056,0.096,0.312,0.045,0.3295223816374238
7.095789194107056,0.084,0.29,0.054,0.3067115909123749
7.154158353805542,0.063,0.255,0.063,0.2701166414717909
7.154158353805542,0.039,0.184,0.064,0.19867813166023077
7.154158353805542,0.032,0.17,0.064,0.1844451137872728
7.159213542938232,0.022,0.139,0.057,0.15183543723386844
7.206871032714844,0.021,0.13,0.055,0.14270949512909084
7.206871032714844,0.02,0.124,0.052,0.1359411637437314
7.206871032714844,0.02,0.123,0.049,0.13390294993016397
7.270468711853027,0.018,0.157,0.035,0.16185796242384864
7.270468711853027,0.018,0.231,0.002,0.23170886905770355
7.270468711853027,0.018,0.231,0.002,0.23170886905770355
7.334404468536377,0.019,0.309,-0.027,0.31075874887121036
7.334404468536377,0.025,0.419,-0.097,0.4308073815523592
7.334404468536377,0.034,0.448,-0.126,0.46662190261495445
7.386780738830566,0.05,0.5,-0.19,0.5372150407425317
7.386780738830566,0.072,0.6,-0.308,0.6782683834589373
7.386780738830566,0.083,0.623,-0.349,0.718901244956496
7.450303077697754,0.109,0.646,-0.428,0.7825477621206262
7.456840991973877,0.152,0.67,-0.504,0.8520680723979747
7.456840991973877,0.17,0.674,-0.518,0.8668909966079934
7.509584188461304,0.202,0.686,-0.548,0.9009461693131284
7.509584188461304,0.213,0.757,-0.549,0.9590719472490059
7.509584188461304,0.22,0.817,-0.543,1.0053546637878594
7.576261520385742,0.179,1.189,-0.541,1.3185002844140763
7.577252626419067,0.138,1.504,-0.548,1.6066623789707657
7.577917814254761,0.138,1.504,-0.548,1.6066623789707657
7.636635780334473,0.093,1.812,-0.574,1.9030157645169417
7.636635780334473,0.044,2.197,-0.676,2.2990695944229267
7.636635780334473,0.052,2.324,-0.707,2.4297178848582397
7.688107252120972,0.087,2.514,-0.77,2.630715682091092
7.688107252120972,0.171,2.528,-0.861,2.676069132141395
7.688107252120972,0.205,2.485,-0.864,2.638891054969871
7.748752117156982,0.256,2.419,-0.854,2.5780638083647194
7.748752117156982,0.31,2.254,-0.793,2.4094532574839462
7.748752117156982,0.315,2.181,-0.777,2.3366033039435683
7.812128782272339,0.312,2.113,-0.736,2.2591611274984347
7.812128782272339,0.271,1.976,-0.627,2.090728581141034
7.812128782272339,0.244,1.898,-0.601,2.0057769068368496
7.875529527664185,0.173,1.766,-0.584,1.868084848180082
7.875529527664185,0.042,1.838,-0.562,1.9224598825463173
7.875529527664185,0.011,1.919,-0.549,1.9960167834965716
7.927173137664795,0.058,1.845,-0.563,1.9298595803840235
7.927173137664795,0.14,1.472,-0.565,1.5829115578578608
7.927173137664795,0.159,1.253,-0.545,1.3756144081827582
7.988763809204102,0.142,0.884,-0.464,1.008422530490072
7.988763809204102,0.083,0.572,-0.307,0.6544631387633684
7.988763809204102,0.083,0.572,-0.307,0.6544631387633684
8.051066398620605,0.061,0.562,-0.245,0.6161087566331127
8.051066398620605,0.052,0.553,-0.225,0.5992812361487718
8.051066398620605,0.052,0.553,-0.225,0.5992812361487718
8.114680290222168,0.093,0.526,-0.332,0.6289268637926035
8.162514686584473,0.234,0.713,-0.567,0.9405392070509342
8.162514686584473,0.234,0.713,-0.567,0.9405392070509342
8.162514686584473,0.357,1.105,-0.765,1.3905750609010648
8.178170204162598,0.477,2.433,-1.046,2.6909355250544373
8.229835748672485,0.487,3.163,-1.056,3.369996142431026
8.229835748672485,0.493,3.233,-1.047,3.4338822053180564
8.229835748672485,0.462,3.147,-1.069,3.3555646320701378
8.289827108383179,0.373,2.995,-1.123,3.220292378030293
8.289827108383179,0.285,2.757,-1.113,2.9868115106246664
8.289827108383179,0.267,2.693,-1.103,2.922352990314483
8.354609489440918,0.223,2.539,-1.021,2.7456676783616767
8.354609489440918,0.193,2.328,-0.946,2.5202676445171455
8.354609489440918,0.175,2.212,-0.914,2.3997843653128506
8.41128921508789,0.157,2.0,-0.839,2.1745275348912
8.41682505607605,0.14,1.719,-0.703,1.8624634224596197
8.41682505607605,0.133,1.616,-0.652,1.7476409814375493
8.4755277633667,0.122,1.408,-0.566,1.5224007356803266
8.4755277633667,0.098,1.145,-0.438,1.229826410514915
8.4755277633667,0.079,1.051,-0.403,1.128384243066164
8.528771877288818,0.039,0.862,-0.352,0.9319168417836432
8.528771877288818,0.017,0.686,-0.292,0.7457539808810946
8.528771877288818,0.035,0.587,-0.228,0.6306964404529329
8.596256971359253,0.051,0.519,-0.186,0.5536768010310709
8.596256971359253,0.057,0.489,-0.164,0.5189084697709221
8.596256971359253,0.062,0.461,-0.144,0.4869301797999381
8.655338764190674,0.069,0.409,-0.102,0.42713698037046616
8.655338764190674,0.081,0.327,-0.043,0.3396159595778738
8.655338764190674,0.083,0.301,-0.025,0.31323314000916314
8.713894844055176,0.08,0.255,0.003,0.26727139764666175
8.713894844055176,0.074,0.189,0.034,0.2057984450864486
8.713894844055176,0.07,0.165,0.042,0.18408965207202713
8.76701021194458,0.06,0.11,0.06,0.13892443989449804
8.76701021194458,0.055,0.096,0.064,0.12781627439414747
8.76701021194458,0.052,0.091,0.066,0.1238587905640936
8.8316171169281,0.048,0.081,0.065,0.11441153787970862
8.8316171169281,0.041,0.085,0.057,0.11024971655292364
8.8316171169281,0.038,0.098,0.052,0.11726892171415239
8.894670963287354,0.035,0.14,0.04,0.14974979131871938
8.896803379058838,0.03,0.229,0.01,0.23117309532036812
8.897879600524902,0.028,0.259,-0.004,0.26053982421119426
8.952951908111572,0.027,0.321,-0.042,0.3248599698331575
8.952951908111572,0.035,0.418,-0.117,0.4354744539005704
8.952951908111572,0.042,0.442,-0.147,0.4676932755556787
9.070709466934204,0.056,0.491,-0.212,0.5377369245272264
9.070709466934204,0.075,0.573,-0.326,0.6634983044439525
9.070709466934204,0.084,0.586,-0.364,0.694944602108686
9.13444447517395,0.126,0.597,-0.445,0.7551887181360696
9.19124960899353,0.179,0.958,-0.557,1.1225212692862439
9.19124960899353,0.177,1.064,-0.567,1.2185704739570873
9.197855472564697,0.162,1.373,-0.591,1.503547139267672
9.198432445526123,0.114,1.896,-0.65,2.0075636976195796
9.255911588668823,0.089,2.277,-0.743,2.396810171874277
9.255911588668823,0.198,2.442,-0.822,2.5842314137863123
9.255911588668823,0.198,2.442,-0.822,2.5842314137863123
9.309612274169922,0.252,2.408,-0.903,2.584062112256592
9.309612274169922,0.309,2.239,-0.911,2.4369084923320363
9.309612274169922,0.307,2.214,-0.9,2.4095736137333508
9.37321162223816,0.288,2.226,-0.87,2.4072640071251015
9.37321162223816,0.268,2.168,-0.79,2.322961041429666
9.37321162223816,0.242,2.121,-0.75,2.26267651245157
9.436408042907715,0.184,2.059,-0.694,2.1805900577595967
9.436408042907715,0.092,1.824,-0.574,1.9143970330106552
9.436408042907715,0.06,1.748,-0.563,1.8374093174902537
9.49172568321228,0.005,1.689,-0.532,1.7708105488730297
9.49172568321228,-0.078,1.675,-0.47,1.7414387729690641
9.49172568321228,-0.091,1.653,-0.468,1.720381934339
9.552841424942017,-0.053,1.547,-0.477,1.619736706999011
9.552841424942017,0.048,1.196,-0.46,1.2823104148372186
9.552841424942017,0.062,1.061,-0.442,1.1510556024797411
9.616365909576416,0.071,0.848,-0.399,0.9398648839061922
9.616365909576416,0.061,0.675,-0.312,0.746116612869597
9.616365909576416,0.056,0.63,-0.293,0.6970545172366363
9.676099300384521,0.065,0.56,-0.288,0.6330631879994287
9.676099300384521,0.11,0.55,-0.316,0.6437825719915071
9.676099300384521,0.134,0.567,-0.342,0.6755804911333659
9.723581552505493,0.215,0.647,-0.458,0.8213391504123008
9.723581552505493,0.391,1.07,-0.697,1.3355111381040594
9.723581552505493,0.444,1.3,-0.781,1.5802205542265295
9.792588233947754,0.524,1.878,-0.942,2.165369252575643
9.792588233947754,0.549,2.72,-1.027,2.958805502225518
9.792588233947754,0.546,2.887,-1.031,3.1138153445572203
9.85128903388977,0.547,3.065,-1.04,3.2825346913627587
9.85128903388977,0.478,3.03,-1.062,3.246109671591519
9.85128903388977,0.445,2.982,-1.077,3.20160553472785
9.916177749633789,0.396,2.865,-1.068,3.0831258488748072
9.916177749633789,0.355,2.658,-1.011,2.865852403736103
9.916177749633789,0.339,2.598,-0.994,2.802242138003067
9.962390422821045,0.289,2.462,-0.936,2.649728476655674
9.962390422821045,0.211,2.121,-0.851,2.295073637162869
9.962390422821045,0.187,2.009,-0.828,2.180970884720839
10.025481224060059,0.16,1.828,-0.785,1.995847940099646
10.025481224060059,0.129,1.551,-0.596,1.666570730572213
10.025481224060059,0.129,1.551,-0.596,1.666570730572213
10.09376072883606,0.105,1.32,-0.491,1.4122698042512982
10.153403282165527,0.057,0.984,-0.388,1.059268143578386
10.153403282165527,0.051,0.904,-0.359,0.9740112935690223
10.153403282165527,0.05,0.776,-0.303,0.8345567685903698
10.153403282165527,0.06,0.587,-0.205,0.6246551048378617
10.211125135421753,0.06,0.551,-0.184,0.5840008561637561
10.21673321723938,0.049,0.413,-0.103,0.42846120011034833
10.21673321723938,0.045,0.383,-0.085,0.394891124235529
10.264760732650757,0.031,0.308,-0.036,0.31164242329952446
10.264760732650757,0.02,0.24,0.003,0.24085057608401106
10.264760732650757,0.017,0.219,0.013,0.22004317758112837
10.332163333892822,0.008,0.182,0.03,0.18462935844550835
10.332163333892822,-0.001,0.154,0.044,0.160165539364746
10.332163333892822,-0.004,0.142,0.049,0.15026975743641832
10.394264459609985,-0.011,0.126,0.054,0.1375245432641025
10.394264459609985,-0.016,0.125,0.06,0.13957435294494472
10.394264459609985,-0.017,0.129,0.061,0.14370455803487933
10.455729246139526,-0.025,0.152,0.054,0.16323296235748463
10.455729246139526,-0.02,0.177,0.037,0.18192855740647204
10.455729246139526,-0.019,0.193,0.028,0.1959438695136952
10.512526035308838,-0.007,0.273,-0.006,0.27315563329354936
10.512526035308838,0.003,0.324,-0.037,0.32611960995929085
10.512526035308838,0.007,0.345,-0.059,0.3500785626113087
10.565982818603516,0.017,0.387,-0.114,0.40379945517546206
10.565982818603516,0.042,0.468,-0.205,0.5126529040198641
10.565982818603516,0.066,0.529,-0.279,0.6016959364994914
10.633724927902222,0.109,0.615,-0.403,0.7433135273893513
10.633724927902222,0.129,0.639,-0.442,0.7876077704035175
10.633724927902222,0.152,0.655,-0.481,0.8267345402243698
10.695215702056885,0.203,0.668,-0.54,0.8826284609052668
10.695215702056885,0.254,0.687,-0.577,0.9324237234219216
10.695215702056885,0.254,0.687,-0.577,0.9324237234219216
10.81477952003479,0.238,0.692,-0.564,0.9239069217188492
10.81477952003479,0.174,1.008,-0.526,1.1502243259468998
10.81477952003479,0.115,1.481,-0.552,1.5847050198696286
10.81477952003479,0.072,1.831,-0.571,1.9193191501154776
10.867674112319946,0.062,2.236,-0.58,2.3108310193521295
10.867674112319946,0.176,2.632,-0.785,2.752203662522089
10.867674112319946,0.215,2.565,-0.83,2.704505500086846
10.933307409286499,0.318,2.354,-0.909,2.5433680425766148
10.933307409286499,0.347,2.243,-0.877,2.4332256368861476
10.933307409286499,0.334,2.18,-0.851,2.3639282984050087
10.995056629180908,0.279,2.086,-0.786,2.2465602595968797
10.996125936508179,0.257,2.069,-0.697,2.1983218599650054
10.997421264648438,0.235,2.067,-0.655,2.1809949564361677
11.05248475074768,0.157,1.962,-0.567,2.04831198795496
11.05248475074768,0.104,1.821,-0.527,1.8985747285793098
11.058087825775146,0.067,1.794,-0.523,1.8698807448604844
11.116196632385254,-0.046,1.991,-0.538,2.062920502588503
11.116196632385254,0.021,1.874,-0.549,1.9528742919092361
11.116196632385254,0.077,1.691,-0.557,1.7820378783853055
11.169691801071167,0.142,1.267,-0.539,1.3841871260779735
11.169691801071167,0.106,0.852,-0.398,0.9463318656792659
11.169691801071167,0.098,0.731,-0.367,0.8238045884795738
11.233937501907349,0.064,0.529,-0.309,0.6159691550719079
11.233937501907349,0.016,0.474,-0.226,0.525364635277252
11.233937501907349,0.009,0.474,-0.207,0.5173064855576431
11.296649932861328,0.001,0.453,-0.188,0.49046304651828765
11.296910285949707,0.008,0.441,-0.201,0.4847122857943669
11.296910285949707,0.017,0.437,-0.213,0.4864432135409024
11.355201482772827,0.048,0.433,-0.255,0.5047950078992461
11.355201482772827,0.124,0.508,-0.367,0.638849747593282
11.355201482772827,0.154,0.574,-0.42,0.7277307194285534
11.40798830986023,0.215,0.784,-0.556,0.9848944105842007
11.40798830986023,0.324,1.673,-0.802,1.8833770201422764
11.40798830986023,0.324,1.673,-0.802,1.8833770201422764
11.471551179885864,0.287,2.161,-0.846,2.338376787431829
11.471551179885864,0.206,2.696,-0.858,2.8367262821781027
11.471551179885864,0.186,2.755,-0.834,2.884471702062615
11.53501844406128,0.099,2.563,-0.857,2.7042963964772797
11.53501844406128,0.013,2.433,-0.886,2.5893346635767265
11.53501844406128,-0.015,2.369,-0.897,2.533178833008045
11.597089767456055,-0.029,2.256,-0.987,2.462629895051223
11.597089767456055,0.051,2.269,-1.16,2.548835420343966
11.597089767456055,0.076,2.317,-1.198,2.6094959283355856
11.654589176177979,0.092,2.378,-1.295,2.709312274360414
11.65666389465332,0.103,2.527,-1.361,2.8720478756455297
11.65666389465332,0.095,2.536,-1.339,2.869362647000201
11.709812879562378,0.034,2.338,-1.27,2.660883311984951
11.709812879562378,0.01,2.177,-1.209,2.4902028029861345
11.709812879562378,0.002,2.085,-1.165,2.388399882766703
11.773378610610962,-0.015,1.838,-1.08,2.131869836551941
11.773378610610962,0.027,1.209,-0.903,1.509244512993173
11.773378610610962,0.06,1.047,-0.849,1.3492998184243559
11.821263551712036,0.122,0.695,-0.731,1.016006889740419
11.836906433105469,0.177,0.313,-0.584,0.6858235924784156
11.836906433105469,0.177,0.313,-0.584,0.6858235924784156
11.885052919387817,0.173,0.187,-0.505,0.5656173618268803
11.885052919387817,0.142,0.054,-0.411,0.43817918709130854
11.885052919387817,0.142,0.054,-0.411,0.43817918709130854
11.956074953079224,0.132,0.053,-0.381,0.4066866115327624
11.956074953079224,0.096,0.094,-0.34,0.3655844635648512
11.956074953079224,0.096,0.094,-0.34,0.3655844635648512
12.012959718704224,0.101,0.081,-0.324,0.34890973044614276
12.012959718704224,0.108,0.075,-0.302,0.3293827560756634
12.012959718704224,0.083,0.105,-0.291,0.3203045425840851
12.076169967651367,0.071,0.081,-0.244,0.26671707856828364
12.076169967651367,0.06,0.118,-0.119,0.17800280896660028
12.076169967651367,0.008,0.278,0.04,0.2809768673752343
12.123648405075073,-0.197,0.695,0.238,0.7605774122336266
12.123648405075073,-0.416,0.91,0.488,1.1132385189167684
12.123648405075073,-0.459,0.924,0.542,1.165427389415574
12.186652660369873,-0.429,0.845,0.493,1.068229844181485
12.186652660369873,-0.4,0.828,0.449,1.0233205753819279
12.186652660369873,-0.41,0.866,0.465,1.0650262907553034
12.250918865203857,-0.352,0.958,0.555,1.1617628845853183
12.250918865203857,0.739,1.648,1.462,2.323675751906879
12.250918865203857,1.054,1.648,1.574,2.5108357174454885
12.316399812698364,0.728,1.037,1.08,1.664858252224495
12.317678689956665,0.15,0.649,0.741,0.996384463949534
12.317918062210083,-0.049,0.624,0.718,0.952523490523987
12.361913919448853,-0.408,0.642,0.739,1.0605418426445983
12.361913919448853,-0.455,0.616,0.728,1.0566290739895434
12.377569437026978,-0.494,0.594,0.725,1.059479589232374
12.42866325378418,-0.539,0.571,0.732,1.0734924312728058
12.42866325378418,-0.519,0.525,0.725,1.0347033391267277
12.42866325378418,-0.489,0.492,0.719,0.9990725699367389
12.488729238510132,-0.434,0.451,0.734,0.9646310175398674
12.488729238510132,-0.401,0.478,0.82,1.0303809974955864
12.488729238510132,-0.382,0.478,0.837,1.0368109760221484
12.552350759506226,-0.333,0.469,0.841,1.018887138008916
12.552350759506226,-0.276,0.552,0.927,1.1136467123823426
12.552350759506226,-0.222,0.599,0.971,1.162293422505694
12.615282773971558,-0.056,0.687,1.031,1.240187888991019
12.615282773971558,0.035,0.633,0.93,1.1255283203900293
12.615282773971558,0.035,0.633,0.93,1.1255283203900293
12.667609453201294,-0.014,0.526,0.835,0.9869635251618978
12.667609453201294,-0.04,0.409,0.699,0.8108526376598894
12.667609453201294,-0.038,0.382,0.658,0.7617952480817927
12.726810932159424,-0.015,0.354,0.61,0.70543674415216
12.726810932159424,0.03,0.345,0.567,0.6643899457396989
12.726810932159424,0.042,0.338,0.546,0.643524669301807
12.79119086265564,0.049,0.308,0.488,0.5791450595489873
12.79119086265564,0.007,0.22,0.342,0.40670997037200846
12.79119086265564,-0.012,0.205,0.315,0.37602393540837264
12.85498595237732,-0.05,0.201,0.289,0.3555587152637381
12.85498595237732,-0.096,0.273,0.335,0.44268498958062724
12.85498595237732,-0.096,0.273,0.335,0.44268498958062724
12.912785053253174,-0.111,0.335,0.386,0.5230124281506129
12.912785053253174,-0.15,0.519,0.558,0.7766756079599771
12.912785053253174,-0.15,0.519,0.558,0.7766756079599771
12.966424942016602,-0.163,0.701,0.724,1.020855523568345
12.966424942016602,-0.027,0.927,1.002,1.3653065589822675
12.966424942016602,-0.027,0.927,1.002,1.3653065589822675
13.030008316040039,0.021,1.051,1.195,1.5915611832411596
13.096718072891235,-0.084,1.202,1.447,1.8829946893180554
13.097288846969604,-0.171,1.253,1.521,1.9780523248893087
13.097810745239258,-0.43,1.331,1.683,2.188366971053987
13.097810745239258,-0.546,1.327,1.776,2.283247905944512
13.156521081924438,-0.611,1.28,1.886,2.359812916313494
13.156521081924438,-0.661,1.308,1.991,2.472218841445878
13.156521081924438,-0.665,1.273,1.974,2.441194379806737
13.214941024780273,-0.655,1.179,1.901,2.3308511320974574
13.214941024780273,-0.646,1.014,1.735,2.110861672398265
13.214941024780273,-0.642,0.907,1.622,1.9661375841990307
13.267755031585693,-0.643,0.727,1.381,1.68793927615895
13.267755031585693,-0.515,0.518,0.972,1.2158671802462635
13.267755031585693,-0.422,0.435,0.813,1.0140404331189166
13.331069231033325,-0.231,0.297,0.518,0.6402296462988886
13.331069231033325,-0.013,0.251,0.211,0.32816306922016686
13.331069231033325,-0.013,0.251,0.211,0.32816306922016686
13.394321918487549,0.06,0.315,0.098,0.3353043393694749
13.394321918487549,0.092,0.45,0.01,0.45941702188752215
13.394321918487549,0.083,0.48,0.01,0.4872258203338571
13.452735424041748,0.051,0.531,0.026,0.5340767735073301
13.452735424041748,0.007,0.531,0.026,0.5316822359266858
13.452735424041748,0.007,0.531,0.026,0.5316822359266858
13.506492137908936,-0.02,0.506,0.036,0.5076731231806545
13.516505718231201,-0.005,0.44,0.009,0.44012043806212864
13.516505718231201,0.003,0.407,-0.009,0.4071105500966537
13.57008147239685,0.01,0.424,0.0,0.42411790813404704
13.57008147239685,0.01,0.499,0.043,0.5009490992106883
13.57008147239685,0.01,0.499,0.043,0.5009490992106883
13.633325099945068,0.048,0.54,0.05,0.5444299771320459
13.633325099945068,0.059,0.527,0.056,0.5332410336798923
13.633325099945068,0.042,0.528,0.089,0.537093101798934
13.685475587844849,-0.06,0.623,0.225,0.6650969854088951
13.696552038192749,-0.123,0.789,0.343,0.8690793979838667
13.696552038192749,-0.157,0.873,0.423,0.9827039228577445
13.75445556640625,-0.212,0.99,0.564,1.1589391701034184
13.75445556640625,-0.3,1.16,0.715,1.3952867088881769
13.75445556640625,-0.333,1.222,0.772,1.483292621164145
13.815882444381714,-0.38,1.323,0.867,1.6267814850188085
13.81703782081604,-0.408,1.331,0.906,1.660981938493011
13.81703782081604,-0.427,1.31,0.905,1.648470199912634
13.87505841255188,-0.507,1.169,0.866,1.540638179456812
13.93567180633545,-0.513,1.12,0.845,1.4938520676425764
13.93679690361023,-0.514,1.068,0.819,1.4406876830180788
13.93679690361023,-0.517,0.944,0.708,1.28828917561237
13.937819957733154,-0.514,0.865,0.656,1.2011482006813314
13.986664295196533,-0.498,0.786,0.605,1.109876119213311
14.056509733200073,-0.432,0.526,0.391,0.7849719740220029
14.056509733200073,-0.432,0.508,0.37,0.7626191710152584
14.056509733200073,-0.421,0.478,0.343,0.7234459205773435
14.056509733200073,-0.31,0.318,0.223,0.4969436587783368
14.109871625900269,-0.242,0.245,0.154,0.37723334953315035
14.109871625900269,-0.176,0.258,0.111,0.33145286241032823
14.173269748687744,-0.176,0.258,0.111,0.33145286241032823
14.173269748687744,-0.172,0.349,0.134,0.41151063169740826
14.173269748687744,-0.193,0.673,0.238,0.7394741374787898
14.173269748687744,-0.193,0.673,0.238,0.7394741374787898
14.22077202796936,-0.213,0.889,0.313,0.9662603168918819
14.23656177520752,-0.284,1.244,0.445,1.3513759654515096
14.23656177520752,-0.284,1.244,0.445,1.3513759654515096
14.284119844436646,-0.28,1.216,0.419,1.316289101983299
14.284119844436646,-0.161,0.841,0.237,0.8884655311265598
14.284119844436646,-0.141,0.748,0.186,0.783569397054275
14.347589254379272,-0.123,0.613,0.099,0.6330078988448722
14.347589254379272,-0.128,0.536,0.056,0.5539097399396403
14.357690334320068,-0.13,0.516,0.045,0.5340234077266651
14.414854526519775,-0.129,0.509,0.028,0.5258383782114044
14.414854526519775,-0.08,0.458,-0.021,0.4654084227858366
14.414854526519775,-0.063,0.445,-0.031,0.45050527188924216
14.474336624145508,-0.027,0.424,-0.054,0.4282767796647397
14.474336624145508,0.036,0.35,-0.075,0.3597513029858266
14.474336624145508,0.035,0.331,-0.066,0.33932580214301417
14.52605152130127,-0.046,0.306,-0.01,0.30959974160195936
14.52605152130127,-0.155,0.322,0.071,0.3643487340447336
14.52605152130127,-0.223,0.35,0.127,0.434002304141349
14.58579158782959,-0.353,0.411,0.254,0.5983694510918819
14.58579158782959,-0.365,0.406,0.375,0.6623337527259199
14.58579158782959,-0.331,0.391,0.395,0.6468902534433488
14.649601697921753,-0.283,0.406,0.432,0.6569238920910092
14.649601697921753,-0.28,0.769,0.601,1.0153629892801885
14.649601697921753,-0.28,0.769,0.601,1.0153629892801885
14.712812900543213,0.965,1.452,0.972,1.9960743974110784
14.712812900543213,0.61,1.165,0.639,1.46206908181522
14.712812900543213,0.274,1.13,0.572,1.2958240621318928
14.775794267654419,-0.304,1.489,0.834,1.7335204065715524
14.775794267654419,-0.827,1.514,0.902,1.9467226304741
14.775794267654419,-1.028,1.317,0.987,1.9404746841945657
14.823534727096558,-1.046,1.365,1.09,2.0360356087259377
14.823534727096558,-0.997,1.399,1.136,2.059540239956481
14.823534727096558,-0.911,1.413,1.169,2.047694068946824
14.88732385635376,-0.701,1.392,1.225,1.9823445714607741
14.88732385635376,-0.409,1.384,1.378,1.9953999599077874
14.88732385635376,-0.346,1.408,1.456,2.0547788202139907
14.950470685958862,-0.337,1.485,1.613,2.2182342076525643
14.950470685958862,-0.622,1.491,1.62,2.2878734667808884
14.950470685958862,-0.743,1.476,1.57,2.2793694303469105
15.017308235168457,-0.994,1.533,1.531,2.383712650467753
15.017308235168457,-1.155,1.486,1.42,2.3576727932433714
15.017308235168457,-1.155,1.486,1.42,2.3576727932433714
15.06367015838623,-1.028,1.256,1.227,2.034661888373594
15.06367015838623,-0.846,0.935,0.94,1.572749503258545
15.06367015838623,-0.749,0.806,0.807,1.364509435658105
15.13544225692749,-0.528,0.571,0.523,0.9372054203855205
15.136577367782593,-0.242,0.395,0.209,0.5082027154590971
15.136577367782593,-0.173,0.382,0.147,0.4443669654688566
15.194910049438477,-0.037,0.406,0.021,0.4082229782851524
15.194910049438477,-0.005,0.434,-0.013,0.43422344478390384
15.194910049438477,-0.006,0.447,-0.017,0.44736338696858063
15.254568815231323,-0.051,0.454,0.011,0.456987964830585
15.254568815231323,-0.065,0.428,0.021,0.4334166586553867
15.254568815231323,-0.056,0.396,0.01,0.40006499471960805
15.312906503677368,-0.018,0.3,-0.028,0.3018410177560366
15.36570143699646,-0.018,0.256,-0.046,0.26072207424765553
15.36570143699646,-0.024,0.252,-0.054,0.2588358553214759
15.36570143699646,-0.039,0.273,-0.067,0.2837939393292253
15.36570143699646,-0.021,0.303,-0.102,0.3203966291957517
15.42921757698059,0.014,0.362,-0.128,0.3842186877287465
15.42921757698059,0.046,0.382,-0.058,0.3891066691795452
15.42921757698059,0.046,0.382,-0.058,0.3891066691795452
15.49315071105957,-0.09,0.606,0.145,0.6295720768903271
15.49315071105957,-0.467,1.34,0.46,1.491740258892278
15.49315071105957,-0.524,1.499,0.519,1.6706100682086171
15.551368713378906,-0.492,1.649,0.585,1.8175505495033695
15.551368713378906,-0.391,1.554,0.558,1.6968090640964881
15.556902885437012,-0.35,1.512,0.556,1.6485690765024075
15.614590406417847,-0.265,1.435,0.551,1.5598240285365528
15.614590406417847,-0.22,1.392,0.599,1.5312952034144167
15.614590406417847,-0.231,1.395,0.62,1.5439514241063415
15.667821884155273,-0.278,1.336,0.627,1.5017686239897279
15.667821884155273,-0.333,1.307,0.626,1.4869478807274987
15.667821884155273,-0.363,1.296,0.627,1.484760586761381
15.731330871582031,-0.408,1.245,0.603,1.442254485172433
15.731330871582031,-0.438,1.102,0.544,1.3046777379874313
15.731330871582031,-0.432,1.035,0.519,1.2358033824197114
15.794735670089722,-0.359,0.758,0.388,0.9241152525524076
15.794735670089722,-0.307,0.597,0.303,0.736523590932429
15.794735670089722,-0.307,0.597,0.303,0.736523590932429
15.85273265838623,-0.261,0.47,0.247,0.5916333323943133
15.85273265838623,-0.149,0.242,0.119,0.3081006329107423
15.85273265838623,-0.124,0.2,0.092,0.25266578715766014
15.908331155776978,-0.085,0.138,0.057,0.17180803240826664
15.908331155776978,-0.053,0.116,0.047,0.1359190935814391
15.916847229003906,-0.046,0.132,0.057,0.15096025967121282
15.973865747451782,-0.039,0.219,0.101,0.2443010437963784
15.973865747451782,-0.079,0.562,0.255,0.6221816455023405
15.973865747451782,-0.115,0.721,0.326,0.799588644241525
16.033550024032593,-0.201,1.039,0.448,1.1491849285471856
16.0854070186615,-0.265,1.268,0.516,1.394383376263501
16.097264289855957,-0.25,1.227,0.486,1.3432144281535991
16.097792625427246,-0.156,0.738,0.221,0.7860159031470038
16.097792625427246,-0.14,0.63,0.161,0.6651473520957594
16.154656887054443,-0.119,0.488,0.078,0.5083197812401166
16.154656887054443,-0.114,0.373,0.029,0.3911086805480032
16.154656887054443,-0.111,0.361,0.021,0.37826313592524446
16.20858669281006,-0.099,0.338,0.0,0.35220022714359517
16.20858669281006,-0.064,0.286,-0.059,0.29895317359078155
16.20858669281006,-0.064,0.286,-0.059,0.29895317359078155
16.271360635757446,-0.059,0.289,-0.071,0.30338589288231577
16.271360635757446,-0.065,0.343,-0.085,0.3593034928858889
16.271360635757446,-0.077,0.372,-0.084,0.3890616917662288
16.334227561950684,-0.128,0.45,-0.038,0.46939109493044284
16.334227561950684,-0.367,0.76,0.274,0.8873359003218567
16.334227561950684,-0.367,0.76,0.274,0.8873359003218567
16.382012605667114,-0.452,0.864,0.439,1.0693554133215017
16.382012605667114,-0.397,0.554,0.529,0.8627664805728141
16.397677898406982,-0.397,0.554,0.529,0.8627664805728141
16.45551824569702,0.012,0.971,1.19,1.535931313568416
16.45551824569702,1.381,1.229,1.806,2.5844221791340516
16.45551824569702,1.194,0.859,1.262,1.9380817836200823
16.572792291641235,0.366,1.073,1.038,1.5371171067944043
16.572792291641235,-0.96,1.566,1.099,2.1405039126336582
16.572792291641235,-1.104,1.51,1.056,2.1480344503755053
16.572792291641235,-1.306,1.575,1.103,2.3244074513733604
16.635958909988403,-0.982,1.358,0.879,1.892387116844754
16.635958909988403,-0.361,1.313,0.89,1.6267728790461193
16.635958909988403,-0.361,1.313,0.89,1.6267728790461193
16.683950901031494,-0.119,1.466,1.113,1.844474450893804
16.683950901031494,0.117,1.62,1.323,2.0948551262557515
16.683950901031494,0.117,1.62,1.323,2.0948551262557515
16.74778938293457,-0.11,1.693,1.376,2.1844278427084745
16.74778938293457,-0.669,1.513,1.315,2.1132806249999074
16.75788974761963,-0.831,1.501,1.339,2.176346250025487
16.81025981903076,-1.115,1.478,1.369,2.3025789888731287
16.81025981903076,-1.08,1.184,1.115,1.9523014623771606
16.81025981903076,-0.877,0.951,0.868,1.5578684154959943
16.873440742492676,-0.566,0.718,0.496,1.0401422979573516
16.873440742492676,-0.461,0.654,0.375,0.8836639632801601
16.873440742492676,-0.356,0.594,0.263,0.7407705447707812
16.936492681503296,-0.111,0.502,0.03,0.515
16.93800139427185,-0.036,0.512,-0.032,0.5142606343091021
16.93800139427185,-0.024,0.527,-0.045,0.5294619910815129
16.985325574874878,-0.043,0.575,-0.039,0.5779230052524298
16.985325574874878,-0.072,0.619,-0.016,0.6233786971015292
16.985325574874878,-0.06,0.6,-0.022,0.6033937354663205
17.048333644866943,-0.018,0.526,-0.056,0.5292787545329966
17.048333644866943,0.013,0.411,-0.086,0.4201023684770177
17.048333644866943,0.007,0.387,-0.083,0.39586234981366947
17.111891746520996,-0.013,0.356,-0.077,0.36446398999078083
17.111891746520996,-0.021,0.33,-0.093,0.34349672487521626
17.111891746520996,-0.02,0.322,-0.102,0.3383607542254273
17.174952507019043,-0.014,0.309,-0.108,0.3276293637633843
17.177416801452637,0.016,0.331,-0.112,0.3498013722100015
17.17809510231018,0.039,0.342,-0.11,0.3613654659759286
17.223050117492676,0.072,0.36,-0.07,0.3737432273633865
17.223050117492676,-0.012,0.574,0.103,0.5832915223110996
17.290237188339233,-0.078,0.74,0.199,0.7702499594287558
17.290237188339233,-0.215,1.139,0.405,1.2278318288755998
17.290237188339233,-0.325,1.473,0.548,1.6048856657095545
17.290237188339233,-0.348,1.52,0.565,1.6585321823829646
17.349937677383423,-0.396,1.619,0.625,1.7800567406686787
17.349937677383423,-0.35,1.585,0.647,1.747379180372709
17.349937677383423,-0.31,1.54,0.638,1.6955070038192115
17.414207458496094,-0.237,1.436,0.659,1.5976689269056965
17.414207458496094,-0.225,1.386,0.647,1.5460368689006094
17.414207458496094,-0.207,1.332,0.625,1.485832426621522
17.471790075302124,-0.182,1.212,0.58,1.3559011763399278
17.471790075302124,-0.194,1.116,0.504,1.2398015970307508
17.476828575134277,-0.194,1.116,0.504,1.2398015970307508
17.525108337402344,-0.25,1.078,0.461,1.1987931431235332
17.525108337402344,-0.341,1.086,0.433,1.2178530288996288
17.525108337402344,-0.341,1.086,0.433,1.2178530288996288
17.588120460510254,-0.316,1.007,0.38,1.1217419489347806
17.588120460510254,-0.263,0.794,0.278,0.8814130700188194
17.588120460510254,-0.238,0.691,0.232,0.7667783252022712
17.652241468429565,-0.18,0.489,0.134,0.538030668270871
17.71555209159851,-0.098,0.212,-0.01,0.23376911686533788
17.76333975791931,-0.098,0.212,-0.01,0.23376911686533788
17.76333975791931,-0.065,0.14,-0.055,0.1638596960817394
17.76333975791931,-0.012,0.091,-0.081,0.12241731903615599
17.76333975791931,0.001,0.088,-0.071,0.1130751962191532
17.826730489730835,-0.123,0.741,0.29,0.8051769991747156
17.826730489730835,-0.261,1.175,0.435,1.2798324109038652
17.826730489730835,-0.26,1.101,0.401,1.2002508071232445
17.896384954452515,-0.244,0.946,0.339,1.0341049269779155
17.896384954452515,-0.182,0.624,0.191,0.6774813650573719
17.897696495056152,-0.161,0.548,0.146,0.5895260808479978
17.956037282943726,-0.119,0.434,0.064,0.45454702727000645
17.956636428833008,-0.092,0.378,0.017,0.3894059578383464
17.956636428833008,-0.085,0.362,0.003,0.3718574995882159
18.012441635131836,-0.08,0.34,-0.014,0.3495654445164739
18.012441635131836,-0.062,0.319,-0.002,0.3249753836831338
18.017053842544556,-0.062,0.319,-0.002,0.3249753836831338
18.069121837615967,-0.089,0.392,0.048,0.40483206394750904
18.069121837615967,-0.148,0.463,0.105,0.4972906594739137
18.069121837615967,-0.219,0.617,0.201,0.6848729809242002
18.128607034683228,-0.24,0.733,0.286,0.8226086554370796
18.128607034683228,-0.216,0.775,0.318,0.865104039985943
18.128607034683228,-0.22,0.822,0.349,0.9197200661070737
18.193161249160767,-0.3,0.985,0.463,1.1289791849276938
18.193161249160767,-0.339,1.338,0.793,1.5918586620677102
18.193161249160767,1.035,2.622,1.761,3.3237373542444653
18.256033182144165,1.59,2.047,1.255,2.879814924608872
18.256033182144165,0.865,0.919,0.426,1.3320142641878878
18.25787663459778,0.58,0.849,0.447,1.1211645731113697
18.313924074172974,0.111,1.107,0.717,1.3235781049866306
18.313924074172974,-0.302,0.882,0.49,1.053198936573713
18.313924074172974,-0.382,0.771,0.464,0.9775791528055413
18.366936922073364,-0.619,0.765,0.645,1.1766099608621372
18.366936922073364,-0.957,0.942,1.023,1.688117886878757
18.366936922073364,-0.972,0.927,1.098,1.7348535961285034
18.366936922073364,-0.815,0.784,1.213,1.6583877713007897
18.42940616607666,-0.761,0.735,1.236,1.626973263455795
18.42940616607666,-0.716,0.688,1.249,1.5956193155010379
18.42940616607666,-0.679,0.65,1.253,1.5663811796622173
18.493127584457397,-0.652,0.695,1.3,1.611871272775838
18.493127584457397,-0.569,0.625,1.185,1.455544915143466
18.493127584457397,-0.569,0.625,1.185,1.455544915143466
18.551117658615112,-0.542,0.609,1.077,1.350767929734786
18.556640148162842,-0.534,0.739,0.957,1.3217889392788849
18.556640148162842,-0.526,0.76,0.903,1.2921629154251408
18.614208221435547,-0.458,0.685,0.706,1.0850921619844094
18.614208221435547,-0.289,0.498,0.303,0.650641222180089
18.614208221435547,-0.249,0.453,0.171,0.5444731398333622
18.6675443649292,-0.167,0.355,-0.106,0.40638651552432203
18.6675443649292,-0.088,0.326,-0.498,0.6016843026039487
18.6675443649292,-0.098,0.343,-0.597,0.6954581223912767
18.734484434127808,-0.12,0.37,-0.703,0.8034357472754122
18.734484434127808,-0.085,0.393,-0.765,0.8642331861251337
18.734484434127808,-0.097,0.4,-0.79,0.8907912213307898
18.794389486312866,-0.099,0.365,-0.791,0.8767593740588121
18.794389486312866,-0.043,0.259,-0.735,0.7804838243038736
18.794389486312866,-0.028,0.229,-0.698,0.73513876241156
18.85256838798523,0.023,0.206,-0.564,0.600883516165987
18.85256838798523,0.009,0.211,-0.501,0.5436938476753254
18.85256838798523,0.006,0.238,-0.478,0.5340074905841677
18.915931463241577,0.048,0.302,-0.455,0.5482089017883602
18.915931463241577,0.147,0.345,-0.415,0.5593380015697127
18.915931463241577,0.16,0.37,-0.409,0.5742656179852664
18.975826740264893,0.128,0.457,-0.401,0.6213163445459969
18.975826740264893,0.02,0.754,-0.411,0.8589743884424029
18.975826740264893,0.02,0.754,-0.411,0.8589743884424029
19.031713008880615,0.015,1.054,-0.446,1.1445772145207156
19.031713008880615,-0.221,1.564,-0.531,1.666402712431782
19.031713008880615,-0.221,1.564,-0.531,1.666402712431782
19.095645427703857,-0.351,1.704,-0.586,1.8358139883986069
19.095645427703857,-0.367,1.768,-0.766,1.9614456403377587
19.095645427703857,-0.367,1.768,-0.766,1.9614456403377587
19.1537606716156,-0.312,1.706,-0.853,1.9327154472399706
19.1537606716156,-0.105,1.728,-0.884,1.9438274100341315
19.1537606716156,-0.105,1.728,-0.884,1.9438274100341315
19.21638298034668,-0.027,1.798,-0.874,1.999352145070998
19.21638298034668,0.027,2.163,-0.836,2.3190933573273846
19.21638298034668,0.009,2.261,-0.841,2.41236046228585
19.275459051132202,-0.042,2.546,-0.891,2.6977325664342637
19.275459051132202,-0.051,2.641,-0.902,2.7912516905503164
19.27773928642273,-0.053,2.637,-0.92,2.793381105398975
19.334575176239014,-0.051,2.51,-0.947,2.6831902653371413
19.334575176239014,0.003,2.151,-0.904,2.333243664943719
19.334575176239014,0.003,2.151,-0.904,2.333243664943719
19.392313241958618,0.045,1.828,-0.835,2.010182578772386
19.392313241958618,0.037,1.315,-0.634,1.4603253062246095
19.39802312850952,0.028,1.218,-0.581,1.3497662760641191
19.455850839614868,0.015,1.053,-0.484,1.1590038826509599
19.455850839614868,0.001,0.918,-0.378,0.9927784244230935
19.455850839614868,0.001,0.918,-0.378,0.9927784244230935
19.509042978286743,-0.014,0.944,-0.333,1.001109884078666
19.517059803009033,-0.014,0.887,-0.33,0.9465014527194345
19.517059803009033,-0.004,0.818,-0.335,0.8839485279132491
19.572847604751587,0.02,0.571,-0.311,0.6505090314515241
19.572847604751587,0.018,0.437,-0.28,0.5193197473618734
19.572847604751587,0.014,0.329,-0.253,0.4152661796968301
19.635607481002808,0.007,0.246,-0.229,0.3361636506227287
19.635607481002808,-0.01,0.218,-0.203,0.2980486537463305
19.635607481002808,-0.021,0.223,-0.195,0.29697643004117347
19.683196544647217,-0.043,0.246,-0.197,0.31807860663678716
19.683196544647217,-0.044,0.329,-0.236,0.407275091308074
19.683196544647217,-0.025,0.35,-0.259,0.4361261285454014
19.747515201568604,0.033,0.483,-0.337,0.5898703247324788
19.747515201568604,0.103,0.635,-0.456,0.7885239374933395
19.75703239440918,0.156,0.73,-0.54,0.921322961832603
19.810431957244873,0.276,1.078,-0.742,1.337469251983013
19.810431957244873,0.31,2.076,-1.1,2.3697839563977134
19.817537784576416,0.31,2.076,-1.1,2.3697839563977134
19.875118494033813,0.097,3.25,-1.422,3.5488016287191937
19.875118494033813,-0.099,3.967,-1.481,4.235593346864167
19.875118494033813,-0.139,4.0,-1.45,4.256973220493641
19.92189621925354,-0.175,4.0,-1.361,4.228823240571779
19.92189621925354,-0.194,3.962,-1.394,4.204558954278083
19.93805718421936,-0.194,3.962,-1.394,4.204558954278083
19.985952138900757,-0.189,3.64,-1.442,3.919781243896144
19.985952138900757,-0.161,3.304,-1.507,3.6350221457372167
19.985952138900757,-0.148,3.21,-1.533,3.5603501232322645
20.053548336029053,-0.141,3.232,-1.49,3.5617137728907977
20.053548336029053,-0.063,3.059,-1.471,3.3948918981316627
20.053548336029053,-0.031,3.012,-1.436,3.3369448601977227
20.113335847854614,-0.029,2.791,-1.182,3.0311129969039423
20.113335847854614,-0.083,2.396,-1.098,2.6369127782313924
20.113335847854614,-0.092,2.179,-1.077,2.4323720932456037
20.165364265441895,-0.009,1.685,-1.02,1.9696969310023307
20.177385330200195,0.221,0.712,-1.031,1.2722994930439924
20.177385330200195,0.241,0.588,-1.062,1.2376061570629002
20.225234031677246,0.231,0.455,-1.18,1.2856072495128517
20.225234031677246,0.219,0.437,-1.288,1.377633478106568
20.225234031677246,0.208,0.472,-1.363,1.4573321515701216
20.28904700279236,0.184,0.639,-1.486,1.6279966216181163
20.28904700279236,0.15,0.79,-1.549,1.7452796337550036
20.28904700279236,0.134,0.835,-1.559,1.7736014208384023
20.35254144668579,0.099,0.89,-1.539,1.780567886939445
20.35254144668579,0.017,1.004,-1.37,1.698589120417295
20.35254144668579,0.003,1.016,-1.295,1.6459921020466652
20.410624504089355,-0.007,0.984,-1.114,1.4863717569975554
20.416181802749634,-0.075,0.915,-0.81,1.2243161356447116
20.416181802749634,-0.075,0.915,-0.81,1.2243161356447116
20.463852882385254,-0.153,0.89,-0.544,1.0542509188992912
20.463852882385254,-0.282,1.07,0.188,1.1223938702612377
20.463852882385254,-0.275,1.051,0.194,1.1035678502022428
20.52721858024597,-0.138,0.672,0.081,0.6907886796987919
20.52721858024597,-0.038,0.392,0.046,0.396514816873216
20.52721858024597,-0.027,0.3,0.056,0.30637395450658006
20.590205669403076,-0.106,0.29,0.108,0.3271085446759225
20.590205669403076,-0.369,0.785,0.257,0.9046739744239358
20.590205669403076,-0.369,0.785,0.257,0.9046739744239358
20.653446197509766,-0.556,1.303,0.519,1.5087431855687037
20.653446197509766,-0.516,1.614,0.674,1.8236030269770886
20.653446197509766,-0.458,1.545,0.656,1.7398635003930625
20.711283445358276,-0.385,1.342,0.601,1.5199967105227563
20.71685528755188,-0.33,1.06,0.479,1.2091075221004954
20.71685528755188,-0.299,0.929,0.414,1.0601122582066487
20.764748096466064,-0.24,0.784,0.386,0.9062295514934393
20.764748096466064,-0.23,0.833,0.431,0.9656862844630237
20.764748096466064,-0.221,0.857,0.442,0.9892694274059014
20.83212423324585,-0.205,0.894,0.456,1.024303177775018
20.83212423324585,-0.212,0.935,0.486,1.0748790629647598
20.83212423324585,-0.216,0.924,0.485,1.0656720884024318
20.89204740524292,-0.214,0.835,0.443,0.9691594296089783
20.89204740524292,-0.23,0.755,0.418,0.8931119750624779
20.89204740524292,-0.247,0.759,0.43,0.9066366416597115
20.956337690353394,-0.283,0.766,0.447,0.9309425331351018
20.956337690353394,-0.34,0.823,0.482,1.0125477766505637
20.956337690353394,-0.34,0.823,0.482,1.0125477766505637
21.013502597808838,-0.407,1.015,0.573,1.2345861654821828
21.013502597808838,-0.454,1.162,0.635,1.3998517778679282
21.013502597808838,-0.454,1.162,0.635,1.3998517778679282
21.066770792007446,-0.484,1.276,0.586,1.4852030164257006
21.066770792007446,-0.405,1.125,0.453,1.2786160487026588
21.066770792007446,-0.368,1.053,0.393,1.182658868820591
21.13007640838623,-0.333,0.997,0.275,1.0865187527143745
21.13007640838623,-0.262,0.906,0.146,0.9543563275841995
21.13007640838623,-0.203,0.809,0.069,0.8369295071868359
21.19412112236023,-0.112,0.624,-0.069,0.6377154537879728
21.19412112236023,-0.029,0.419,-0.298,0.5149815530676802
21.19412112236023,-0.029,0.419,-0.298,0.5149815530676802
21.25134539604187,0.022,0.298,-0.374,0.4787107686275712
21.256863117218018,0.033,0.184,-0.46,0.49653297977072985
21.256863117218018,0.019,0.21,-0.504,0.5463304860613216
21.314717292785645,0.005,0.303,-0.619,0.6891988102137148
21.314717292785645,-0.015,0.508,-0.818,0.9630228450042086
21.314717292785645,-0.015,0.508,-0.818,0.9630228450042086
21.368009090423584,-0.026,0.704,-0.966,1.1955952492378012
21.368009090423584,0.038,0.929,-1.259,1.5651089418951
21.368009090423584,0.076,1.001,-1.365,1.6944031397515764
21.43188500404358,0.159,1.151,-1.572,1.9548058727147308
21.495657205581665,0.316,1.225,-1.831,2.2255430797897398
21.495657205581665,0.375,1.128,-1.814,2.1687796107488655
21.495657205581665,0.506,0.841,-1.652,1.9215673290311739
21.49869441986084,0.549,0.277,-1.148,1.3023187013937871
21.553616523742676,0.392,0.127,-0.802,0.9016634627176595
21.553616523742676,0.006,0.94,-0.632,1.1327223843466676
21.553616523742676,0.006,0.94,-0.632,1.1327223843466676
21.610509395599365,-0.196,1.597,-0.664,1.7406093760519619
21.610509395599365,-0.473,2.731,-0.789,2.881772197797737
21.610509395599365,-0.473,2.731,-0.789,2.881772197797737
21.7334201335907,-0.426,2.934,-0.917,3.103340297163687
21.7334201335907,-0.092,2.812,-1.165,3.0451655127431088
21.7334201335907,-0.03,2.773,-1.206,3.024047784014003
21.7334201335907,0.034,2.713,-1.234,2.980651103366511
21.781027793884277,0.01,2.638,-1.05,2.839303435703905
21.796695709228516,-0.232,2.685,-0.89,2.838159438791274
21.796695709228516,-0.232,2.685,-0.89,2.838159438791274
21.85499858856201,-0.205,2.561,-0.811,2.694154227211204
21.90813183784485,-0.126,1.867,-0.671,1.987914988121977
21.90813183784485,-0.109,1.69,-0.638,1.8097030143092538
21.90813183784485,-0.074,1.436,-0.566,1.545292205377352
21.90813183784485,-0.066,1.209,-0.441,1.288610879978902
21.97589612007141,-0.101,1.121,-0.389,1.1908664912575213
21.977011919021606,-0.113,0.996,-0.343,1.0594498572372362
21.977254152297974,-0.098,0.947,-0.34,1.010946586126092
22.03574562072754,-0.057,0.838,-0.339,0.9057670782270683
22.03574562072754,0.024,0.668,-0.322,0.7419460896857669
22.03574562072754,0.053,0.6,-0.314,0.6792679883521673
22.0940682888031,0.097,0.482,-0.296,0.5738893621596413
22.0940682888031,0.163,0.373,-0.281,0.49463016487068395
22.0940682888031,0.184,0.354,-0.281,0.48798872937804616
22.147796630859375,0.188,0.398,-0.285,0.5243786799632495
22.147796630859375,0.162,0.594,-0.329,0.6980838058571478
22.15781331062317,0.166,0.638,-0.369,0.7554872599852364
22.21091341972351,0.191,0.738,-0.469,0.8950340775635305
22.21091341972351,0.236,1.136,-0.672,1.3408116944597401
22.21091341972351,0.228,1.348,-0.762,1.5651619724488581
22.27478313446045,0.186,1.844,-0.991,2.1016690985975885
22.277019023895264,0.058,2.932,-1.336,3.2225586107936035
22.277689933776855,-0.013,3.335,-1.4,3.616959220118469
22.324432134628296,-0.151,3.968,-1.441,4.224252123157424
22.324432134628296,-0.186,4.0,-1.324,4.217531505513622
22.324432134628296,-0.182,3.992,-1.291,4.199508185490296
22.390104055404663,-0.195,3.891,-1.315,4.111828182208007
22.390104055404663,-0.22,3.292,-1.367,3.571323704174686
22.390104055404663,-0.205,3.091,-1.397,3.3982223293951797
22.45019221305847,-0.138,2.781,-1.495,3.160384470282058
22.45019221305847,-0.056,2.904,-1.62,3.3257708880799353
22.45019221305847,-0.016,2.999,-1.649,3.4224929510519084
22.51412868499756,0.065,3.202,-1.545,3.5558478595125522
22.51412868499756,0.028,3.093,-1.313,3.360268144062316
22.51412868499756,0.004,2.89,-1.21,3.133084103563133
22.56162929534912,0.033,1.888,-1.098,2.1843161401225784
22.56162929534912,0.09,1.123,-1.086,1.5648082949677893
22.577367782592773,0.09,1.123,-1.086,1.5648082949677893
22.624919414520264,0.109,0.881,-1.029,1.3590007358349738
22.624919414520264,0.125,0.578,-0.978,1.14288800851177
22.624919414520264,0.118,0.48,-0.988,1.1047479350512497
22.688518047332764,0.118,0.301,-1.061,1.109164550461292
22.688518047332764,0.132,0.47,-1.33,1.4167653298976512
22.688518047332764,0.116,0.588,-1.371,1.4962757098877197
22.7524356842041,0.08,0.735,-1.371,1.5576475853029144
22.7524356842041,0.053,0.721,-1.325,1.509395574393936
22.7524356842041,0.045,0.695,-1.304,1.4783321683573012
22.81575894355774,0.038,0.649,-1.27,1.4267252713819853
22.864063024520874,-0.005,0.661,-1.178,1.3507886585250855
22.864063024520874,-0.031,0.671,-1.071,1.2642163580653432
22.864063024520874,-0.166,1.098,-0.574,1.2500543988163075
22.864063024520874,-0.221,1.425,-0.083,1.4444220297406156
22.93164849281311,-0.151,1.465,0.355,1.5149425731690296
22.93164849281311,-0.045,0.792,0.292,0.8453123682994352
22.93164849281311,-0.045,0.792,0.292,0.8453123682994352
22.99145269393921,-0.041,0.498,0.196,0.5367504075452575
22.99145269393921,-0.083,0.183,0.139,0.24433378808507022
22.99145269393921,-0.083,0.183,0.139,0.24433378808507022
23.054808139801025,-0.185,0.237,0.175,0.3478778521262887
23.054808139801025,-0.513,0.866,0.408,1.0860888545602518
23.054808139801025,-0.513,0.866,0.408,1.0860888545602518
23.11248016357422,-0.628,1.237,0.566,1.4983020389761206
23.11248016357422,-0.578,1.494,0.686,1.7426175713563776
23.11248016357422,-0.524,1.468,0.678,1.6997893987197354
23.167290210723877,-0.368,1.283,0.593,1.4605348335455748
23.167290210723877,-0.16,1.003,0.462,1.1158194298362079
23.167290210723877,-0.16,1.003,0.462,1.1158194298362079
23.22957706451416,-0.061,0.943,0.454,1.0483730252157388
23.22957706451416,-0.024,0.916,0.436,1.0147551428793056
23.22957706451416,-0.031,0.937,0.45,1.0399182660190176
23.293503284454346,-0.06,0.975,0.476,1.0866466767077512
23.293503284454346,-0.096,0.916,0.432,1.0172983829732554
23.293503284454346,-0.112,0.892,0.417,0.9910080726210054
23.353607892990112,-0.146,0.872,0.404,0.9720678988630372
23.35717749595642,-0.2,0.903,0.42,1.0157799958652465
23.35717749595642,-0.22,0.923,0.43,1.041743250518092
23.415019273757935,-0.251,0.937,0.438,1.0643373525344304
23.415019273757935,-0.263,0.937,0.436,1.0664117403704818
23.415019273757935,-0.285,0.992,0.48,1.1382833566384074
23.475402116775513,-0.271,0.971,0.476,1.1148354138616157
23.476473808288574,-0.26,0.943,0.468,1.0843767795374446
23.4776713848114,-0.254,0.931,0.469,1.0729575946886252
23.53213667869568,-0.26,0.982,0.507,1.135329467599604
23.53213667869568,-0.251,1.037,0.519,1.1864784026690076
23.53213667869568,-0.249,1.04,0.513,1.1860733535494337
23.595792770385742,-0.275,1.154,0.54,1.3034343098138854
23.595792770385742,-0.288,1.221,0.427,1.3251845154543576
23.598201751708984,-0.256,1.132,0.334,1.2076903576662354
23.65416193008423,-0.186,0.935,0.138,0.9632574941312423
23.65416193008423,-0.118,0.832,-0.171,0.8575482493714275
23.65416193008423,-0.082,0.801,-0.309,0.8624418820998897
23.71132206916809,0.005,0.727,-0.6,0.9426314231978477
23.71132206916809,0.107,0.67,-0.965,1.1796499480778186
23.71132206916809,0.125,0.677,-1.058,1.2622670082038903
23.771708726882935,0.138,0.688,-1.197,1.3875146846069775
23.771708726882935,0.106,0.766,-1.342,1.548856352280611
23.771708726882935,0.103,0.821,-1.392,1.6193560448523974
23.83566188812256,0.113,0.962,-1.506,1.7906001787110375
23.83566188812256,0.241,1.173,-1.775,2.1411760787006755
23.83566188812256,0.241,1.173,-1.775,2.1411760787006755
23.883445262908936,0.279,0.977,-1.77,2.040899311578109
23.883445262908936,0.237,0.623,-1.489,1.6313856073902333
23.883445262908936,0.24,0.542,-1.362,1.4853982630931009
23.947431325912476,0.263,0.357,-1.099,1.1850818537130674
23.947431325912476,0.168,0.339,-0.697,0.7930662015241855
23.957565307617188,0.122,0.433,-0.645,0.786382858409312
24.011030435562134,-0.022,0.853,-0.589,1.0368288190439152
24.011030435562134,-0.081,1.042,-0.605,1.2076216294849973
24.011030435562134,-0.14,1.245,-0.63,1.402328420877221
24.07460045814514,-0.245,1.687,-0.681,1.835689243853654
24.07460045814514,-0.26,2.4,-0.854,2.560647574345208
24.07460045814514,-0.251,2.484,-0.925,2.662495446005495
24.129483938217163,-0.241,2.699,-1.078,2.916293195136593
24.129483938217163,-0.137,2.631,-1.156,2.8770238094252885
24.137592315673828,-0.137,2.631,-1.156,2.8770238094252885
24.185110807418823,-0.009,2.422,-1.17,2.6898076139382163
24.185110807418823,0.023,2.649,-1.092,2.865343609412316
24.185110807418823,0.019,2.757,-1.084,2.962510084371022
24.248874187469482,-0.004,2.859,-1.039,3.0419431289884433
24.248874187469482,-0.081,2.614,-0.914,2.770370552832238
24.248874187469482,-0.081,2.614,-0.914,2.770370552832238
24.31274724006653,-0.07,2.24,-0.887,2.4102425189179617
24.31274724006653,-0.015,1.671,-0.728,1.8227588979346665
24.31274724006653,-0.02,1.569,-0.679,1.7097374067382394
24.37703585624695,-0.041,1.381,-0.585,1.5003556245104026
24.37703585624695,-0.11,1.276,-0.468,1.3635615130972274
24.37703585624695,-0.11,1.276,-0.468,1.3635615130972274
24.430235385894775,-0.148,1.259,-0.417,1.334493911563481
24.430235385894775,-0.086,0.957,-0.394,1.0384993981702637
24.430235385894775,-0.062,0.854,-0.386,0.9392316008312327
24.492873668670654,-0.044,0.692,-0.349,0.7762737919059228
24.492873668670654,-0.056,0.57,-0.312,0.6522116220982266
24.492873668670654,-0.052,0.54,-0.312,0.6258178648776336
24.55325722694397,-0.055,0.498,-0.29,0.5789032734403909
24.55325722694397,-0.069,0.522,-0.277,0.5949571413135571
24.55325722694397,-0.072,0.544,-0.299,0.6249167944614706
24.611276388168335,-0.07,0.631,-0.347,0.7235122666548232
24.611276388168335,-0.072,0.913,-0.407,1.0021985831161406
24.616831302642822,0.062,1.166,-0.581,1.3042089556508956
24.66446828842163,0.162,1.416,-0.681,1.5795762089877146
24.66446828842163,0.179,1.603,-0.736,1.77294839180389
24.66446828842163,0.17,1.826,-0.803,2.001995254739631
24.731187343597412,0.049,2.643,-1.055,2.8462036118310294
24.731187343597412,-0.122,3.349,-1.154,3.5443477538187476
24.731187343597412,-0.214,3.672,-1.161,3.8571104469537816
24.7915358543396,-0.33,3.991,-1.14,4.163722012814977
24.7915358543396,-0.295,3.626,-1.215,3.835508571232764
24.7915358543396,-0.237,3.43,-1.25,3.658356051561958
24.85560393333435,-0.117,3.022,-1.287,3.2867220752597865
24.85560393333435,-0.032,2.6,-1.35,2.9297651783035445
24.857767820358276,-0.018,2.575,-1.371,2.9172915521078795
24.913103818893433,0.001,2.596,-1.383,2.9414122458438228
24.913103818893433,0.039,2.53,-1.478,2.9303421301957213
24.913103818893433,0.065,2.564,-1.491,2.9667156924788056
24.967853784561157,0.173,2.604,-1.362,2.943771220730307
24.967853784561157,0.158,2.449,-1.222,2.74150487871169
24.967853784561157,0.139,2.305,-1.154,2.581484456664421
25.034908533096313,0.133,1.87,-1.027,2.137596313619576
25.036022663116455,0.15,0.896,-0.837,1.2352671775773856
25.037203311920166,0.15,0.896,-0.837,1.2352671775773856
25.0940260887146,0.143,0.464,-0.772,0.9119917762787119
25.0940260887146,0.151,0.25,-0.786,0.8385087954219681
25.0940260887146,0.156,0.187,-0.818,0.8534805211602664
25.15212869644165,0.147,0.321,-1.037,1.0954537872498318
25.15212869644165,0.123,0.417,-1.076,1.1605145410549582
25.1576566696167,0.094,0.486,-1.097,1.2035119442697693
25.273324489593506,0.041,0.537,-1.106,1.2301569005618755
25.273324489593506,-0.001,0.544,-1.076,1.2057002114953783
25.273324489593506,-0.003,0.537,-1.064,1.1918363981688092
25.273324489593506,-0.006,0.53,-1.042,1.1690594510117953
25.33321475982666,-0.022,0.543,-0.996,1.134614031289936
25.33321475982666,-0.271,0.911,-0.448,1.0507454496689481
25.33321475982666,-0.365,1.124,-0.218,1.201717520884172
25.3818359375,-0.523,1.477,0.265,1.589113904035831
25.396958827972412,-0.52,1.422,0.567,1.6167785871912084
25.397207736968994,-0.52,1.422,0.567,1.6167785871912084
25.454808473587036,-0.484,1.193,0.55,1.400001785713147
25.454808473587036,-0.33,0.67,0.342,0.8214401986754728
25.454808473587036,-0.297,0.585,0.308,0.7247744476732054
25.508567810058594,-0.266,0.539,0.281,0.6635043330679914
25.508567810058594,-0.295,0.643,0.333,0.7818970520471349
25.508567810058594,-0.295,0.643,0.333,0.7818970520471349
25.57174777984619,-0.358,0.835,0.425,1.0030024925193357
25.57174777984619,-0.448,1.076,0.503,1.2694443666423512
25.57174777984619,-0.457,1.107,0.506,1.3001284551920245
25.57174777984619,-0.447,1.1,0.505,1.2902844647596126
25.635786056518555,-0.427,1.084,0.5,1.267826880926572
25.63661479949951,-0.399,1.06,0.485,1.2320819777920624
25.63661479949951,-0.369,1.033,0.466,1.1918078704220743
25.683614253997803,-0.332,0.987,0.431,1.1270110913385014
25.683614253997803,-0.317,0.943,0.39,1.0685682009118556
25.683614253997803,-0.317,0.931,0.385,1.0561604991666749
25.74743628501892,-0.318,0.901,0.376,1.0267916049520467
25.74743628501892,-0.294,0.867,0.354,0.9815503043654971
25.757537841796875,-0.287,0.871,0.351,0.981942462672839
25.814682960510254,-0.316,0.931,0.385,1.0558607862781912
25.814682960510254,-0.329,0.939,0.391,1.0690383529134957
25.814682960510254,-0.323,0.921,0.38,1.047363356242713
25.87449312210083,-0.322,0.875,0.358,0.9987357007737333
25.877092599868774,-0.353,0.907,0.376,1.043376250448514
25.93403959274292,-0.365,0.914,0.378,1.0542793747389732
25.93403959274292,-0.381,0.907,0.373,1.0521116860866055
25.996224880218506,-0.405,0.899,0.365,1.051404299021076
25.996978998184204,-0.415,0.905,0.371,1.0624928235051754
25.996978998184204,-0.426,0.988,0.422,1.155726611271022
25.996978998184204,-0.406,1.08,0.459,1.2417395056935252
26.050359964370728,-0.387,1.197,0.496,1.3522551534381373
26.050359964370728,-0.268,1.216,0.382,1.3024607479690127
26.050359964370728,-0.216,1.122,0.3,1.1813297592120502
26.11420488357544,-0.121,0.915,0.124,0.9312582885537181
26.11420488357544,-0.019,0.675,-0.176,0.6978266260325698
26.11420488357544,-0.019,0.675,-0.176,0.6978266260325698
26.161705493927002,0.003,0.661,-0.324,0.7361426492195653
26.161705493927002,0.133,0.796,-0.761,1.1092456896467977
26.177366495132446,0.133,0.796,-0.761,1.1092456896467977
26.23513102531433,0.219,0.879,-1.006,1.3537496075715034
26.23513102531433,0.274,0.973,-1.33,1.6705403317489824
26.23513102531433,0.287,1.002,-1.426,1.7663094292903494
26.288702726364136,0.332,1.062,-1.599,1.9480423506689992
26.288702726364136,0.423,1.211,-1.872,2.269324569117428
26.288702726364136,0.423,1.211,-1.872,2.269324569117428
26.351489543914795,0.486,1.246,-1.962,2.3744801536336326
26.351489543914795,0.541,1.042,-1.899,2.23263207895972
26.351489543914795,0.541,0.915,-1.806,2.095600629891106
26.415281057357788,0.557,0.587,-1.534,1.7343511755120415
26.415281057357788,0.424,0.264,-0.859,0.9936563792378127
26.415281057357788,0.353,0.355,-0.75,0.9017394302125199
26.463236093521118,0.193,0.751,-0.628,0.9978146120397315
26.463236093521118,-0.031,1.322,-0.612,1.4571166734342176
26.463236093521118,-0.144,1.573,-0.619,1.6965335245729747
26.535835027694702,-0.342,2.079,-0.694,2.218296869221972
26.535835027694702,-0.23,2.234,-0.901,2.419805157445533
26.535835027694702,-0.157,2.239,-0.964,2.4427578676569643
26.594125509262085,0.0,2.283,-1.055,2.5149779323087507
26.594125509262085,0.125,2.294,-1.112,2.5523724258031
26.594125509262085,0.125,2.294,-1.112,2.5523724258031
26.654213190078735,0.136,2.328,-1.092,2.574984271796626
26.654213190078735,0.183,2.439,-1.01,2.6461878240215677
26.654213190078735,0.129,2.499,-0.99,2.691048494546317
26.712425231933594,0.029,2.61,-0.939,2.773925377511082
26.712425231933594,0.026,2.429,-0.858,2.5762144708855277
26.717445850372314,0.026,2.429,-0.858,2.5762144708855277
26.76542592048645,0.012,2.144,-0.837,2.3016187781646207
26.76542592048645,0.019,1.602,-0.717,1.755236166445986
26.76542592048645,0.021,1.487,-0.674,1.6327541149848621
26.829585313796997,0.008,1.306,-0.598,1.436420551231428
26.836605072021484,-0.018,1.21,-0.536,1.3235255947657378
26.836605072021484,-0.038,1.176,-0.508,1.2815943195879107
26.896291971206665,-0.089,1.108,-0.46,1.2029900248963
26.89687943458557,-0.245,1.163,-0.427,1.2629026090716575
26.89687943458557,-0.245,1.163,-0.427,1.2629026090716575
26.955610275268555,-0.274,1.194,-0.398,1.288066768455735
26.955610275268555,-0.141,1.081,-0.407,1.163654158244622
26.955610275268555,-0.084,1.015,-0.405,1.0960410576251236
27.014089345932007,0.0,0.878,-0.401,0.9652383125425555
27.014089345932007,0.022,0.857,-0.413,0.9515786882859452
27.014089345932007,0.03,0.923,-0.431,1.019112358869227
27.067851781845093,0.067,1.072,-0.495,1.1826656332201424
27.067851781845093,0.063,1.489,-0.634,1.6195820448498432
27.067851781845093,0.042,1.679,-0.676,1.8104643050886147
27.131450176239014,-0.014,2.001,-0.727,2.129019962330086
27.13697075843811,-0.075,2.43,-0.849,2.5751361129074324
27.13697075843811,-0.078,2.602,-0.88,2.7478879162003675
27.195019245147705,-0.037,2.843,-0.916,2.987151485947775
27.195019245147705,0.038,2.922,-1.038,3.1011243122454797
27.195019245147705,0.048,2.932,-1.079,3.1246070152900827
27.252869606018066,0.08,2.898,-1.108,3.1036217553045993
27.252869606018066,0.086,2.807,-1.11,3.0197259809459536
27.252869606018066,0.092,2.699,-1.12,2.923604795453722
27.30608034133911,0.149,2.434,-1.159,2.6999699998333315
27.37386417388916,0.173,2.344,-1.191,2.6349091065917243
27.37386417388916,0.191,2.297,-1.21,2.6032268437460457
27.37386417388916,0.265,2.299,-1.245,2.627860536634317
27.37386417388916,0.201,2.329,-1.213,2.6336307637935885
27.436466455459595,0.172,2.293,-1.193,2.590498407642823
27.436466455459595,0.13,1.762,-1.156,2.111369223987126
27.436466455459595,0.146,1.574,-1.135,1.9460259504950081
27.485424995422363,0.2,1.05,-0.987,1.4548776580867546
27.485424995422363,0.276,0.497,-0.881,1.0484970195475045
27.49751615524292,0.283,0.295,-0.902,0.9903120720257832
27.55595636367798,0.272,-0.04,-1.053,1.0882982128075007
27.55595636367798,0.308,0.15,-1.484,1.523029874953213
27.55595636367798,0.338,0.363,-1.625,1.6990108887232007
27.608452796936035,0.355,0.696,-1.804,1.9659239558029704
27.608452796936035,0.322,0.911,-1.881,2.1146550546129266
27.608452796936035,0.302,0.954,-1.881,2.1306057824008646
27.671945095062256,0.266,1.025,-1.848,2.1299025799317675
27.671945095062256,0.231,1.085,-1.759,2.0795833717357906
27.671945095062256,0.192,1.099,-1.654,1.9950892210625568
27.734848022460938,-0.072,1.463,-1.023,1.7866398629830245
27.734848022460938,-0.477,2.164,0.605,2.297052459131049
27.734848022460938,-0.402,1.968,0.705,2.1287679535355655
27.78289484977722,-0.201,1.307,0.448,1.3961926801125981
27.78289484977722,-0.08,0.785,0.224,0.82024447575098
27.78289484977722,-0.044,0.636,0.177,0.6616350958043262
27.847970247268677,-0.037,0.505,0.137,0.5245598154643567
27.857492208480835,-0.164,0.498,0.16,0.5481788029466298
27.857492208480835,-0.205,0.521,0.182,0.5887189482257218
27.913915395736694,-0.288,0.63,0.237,0.7321290869785192
27.9169659614563,-0.404,0.809,0.316,0.957889868408681
27.917800664901733,-0.404,0.809,0.316,0.957889868408681
27.97359013557434,-0.493,0.9,0.371,1.0911874266137784
27.97359013557434,-0.58,0.995,0.409,1.2221726555605799
27.97359013557434,-0.585,1.013,0.419,1.2425598577131003
28.025328397750854,-0.521,1.037,0.427,1.2365836000853319
28.036868810653687,-0.442,1.013,0.412,1.1795240565584069
28.03756093978882,-0.442,1.013,0.412,1.1795240565584069
28.084605932235718,-0.393,1.019,0.43,1.1737589190289461
28.084605932235718,-0.297,0.969,0.435,1.1029029875741565
28.084605932235718,-0.276,0.937,0.426,1.0656551975193478
28.149047374725342,-0.248,0.882,0.412,1.004575532252304
28.211920022964478,-0.23,0.817,0.391,0.9344891652662431
28.211920022964478,-0.231,0.798,0.388,0.9169018486184877
28.211920022964478,-0.251,0.793,0.396,0.9212306985766379
28.211920022964478,-0.297,0.808,0.405,0.9513663857841521
28.275247812271118,-0.343,0.859,0.425,1.0179169907217385
28.275247812271118,-0.406,0.895,0.433,1.073941339180125
28.275247812271118,-0.419,0.91,0.441,1.094596729393981
28.32279658317566,-0.443,0.955,0.461,1.1492584565710187
28.32279658317566,-0.426,0.905,0.427,1.0875798821236076
28.32279658317566,-0.411,0.878,0.412,1.0533513184118581
28.386669635772705,-0.393,0.862,0.4,1.028344786538056
28.386669635772705,-0.387,0.818,0.374,0.9791675035457417
28.386669635772705,-0.389,0.804,0.368,0.9660025879882518
28.45140814781189,-0.405,0.835,0.386,1.0051099442349578
28.45140814781189,-0.434,0.986,0.457,1.1702140829779821
28.45140814781189,-0.423,1.023,0.463,1.1999279145015336
28.515165090560913,-0.356,1.046,0.45,1.193043167701823
28.515165090560913,-0.315,1.08,0.457,1.214279210066614
28.515165090560913,-0.301,1.115,0.449,1.2391234805296847
28.562819480895996,-0.269,1.112,0.369,1.2021089800845848
28.562819480895996,-0.187,0.815,0.113,0.8437789995016467
28.62669277191162,-0.163,0.716,0.029,0.7348918287748205
28.62669277191162,-0.056,0.553,-0.327,0.6448829351130329
28.62669277191162,-0.025,0.548,-0.429,0.6963978747813637
28.62669277191162,0.005,0.551,-0.527,0.7624663927019998
28.693861961364746,0.057,0.578,-0.701,0.910348284998659
28.693861961364746,0.098,0.645,-0.968,1.1673272891524469
28.693861961364746,0.098,0.645,-0.968,1.1673272891524469
28.753948211669922,0.107,0.705,-1.09,1.3025260074178941
28.753948211669922,0.123,0.849,-1.284,1.5442104778818204
28.753948211669922,0.143,0.906,-1.352,1.6337652830195653
28.81265950202942,0.241,1.11,-1.577,1.943478839606956
28.81722331047058,0.325,1.149,-1.744,2.1136134935224082
28.81722331047058,0.325,1.149,-1.744,2.1136134935224082
28.864969968795776,0.299,0.973,-1.7,1.9814464413654989
28.864969968795776,0.277,0.659,-1.419,1.5888898640245648
28.864969968795776,0.307,0.548,-1.291,1.4356998293515255
28.93541979789734,0.343,0.408,-1.026,1.1561959176540972
28.936575174331665,0.167,0.631,-0.694,0.9527255638430198
28.937713384628296,0.109,0.771,-0.679,1.0331326149144648
28.992816925048828,-0.016,1.192,-0.71,1.3875229727827931
29.04171347618103,-0.132,1.843,-0.772,2.002512671620332
29.04171347618103,-0.169,2.194,-0.804,2.3427789054880956
29.056467294692993,-0.198,2.682,-0.892,2.833371137002705
29.056467294692993,0.038,2.854,-1.244,3.1135664438068447
29.113964557647705,0.18,2.668,-1.441,3.0376150183984807
29.113964557647705,0.269,2.572,-1.359,2.9213739918059103
29.113964557647705,0.269,2.572,-1.359,2.9213739918059103
29.167608976364136,0.2,2.602,-1.25,2.8935970693930417
29.167608976364136,-0.093,2.723,-1.056,2.922073578813511
29.167608976364136,-0.032,2.648,-0.935,2.8084075558935533
29.23090147972107,0.023,2.344,-0.861,2.4972356716978075
29.23090147972107,0.01,1.981,-0.822,2.14479486198564
29.23090147972107,0.01,1.981,-0.822,2.14479486198564
29.294660568237305,-0.022,1.723,-0.743,1.8765025979198644
29.294660568237305,-0.125,1.61,-0.593,1.7202831162340693
29.294660568237305,-0.125,1.549,-0.569,1.654928095114709
29.352613925933838,-0.07,1.292,-0.534,1.3997571217893483
29.352613925933838,0.001,0.826,-0.455,0.9430281013840467
29.357666969299316,0.001,0.826,-0.455,0.9430281013840467
29.47412419319153,-0.017,0.471,-0.335,0.57823438154437
29.47412419319153,-0.039,0.416,-0.283,0.5046444292766937
29.47412419319153,-0.065,0.424,-0.244,0.4934946808223975
29.533945560455322,-0.08,0.451,-0.239,0.5166449457799814
29.533945560455322,0.055,0.672,-0.36,0.7643356592492594
29.533945560455322,0.083,0.721,-0.386,0.8220255470482655
29.5859591960907,0.14,0.84,-0.457,0.9664621047925263
29.5859591960907,0.188,1.271,-0.641,1.4358502707455258
29.597721099853516,0.195,1.479,-0.728,1.659954818662243
29.655657052993774,0.168,1.967,-0.908,2.172965025029165
29.655657052993774,0.036,2.83,-1.094,3.034309147071208
29.655657052993774,-0.02,3.104,-1.116,3.2985863638837776
29.709295511245728,-0.128,3.526,-1.105,3.6973078043354732
29.709295511245728,-0.23,3.719,-1.074,3.877800536386574
29.709295511245728,-0.209,3.657,-1.099,3.824281762632037
29.77223014831543,-0.043,3.039,-1.209,3.2709403846600447
29.77223014831543,-0.019,2.822,-1.262,3.0913894934155417
29.77223014831543,-0.019,2.822,-1.262,3.0913894934155417
29.835153341293335,0.009,2.73,-1.349,3.045124299597637
29.835153341293335,0.063,2.826,-1.424,3.1651257478969144
29.835153341293335,0.07,2.896,-1.419,3.225721159678871
29.882733821868896,0.083,2.956,-1.349,3.2503270604663768
29.882733821868896,0.169,2.658,-1.149,2.900642342654468
29.882733821868896,0.167,2.498,-1.109,2.738206347228054
29.95358896255493,0.168,1.878,-1.024,2.1456197239958437
29.956677436828613,0.203,1.516,-0.983,1.818173259070763
29.956677436828613,0.203,1.516,-0.983,1.818173259070763
30.009689807891846,0.252,1.136,-0.931,1.4902217955727262
30.009689807891846,0.259,0.633,-0.85,1.09099495874179
30.009689807891846,0.241,0.504,-0.839,1.0079771822814243
30.073259830474854,0.211,0.259,-0.863,0.9254031553868832
30.073259830474854,0.223,0.158,-1.144,1.1761925862714828
30.073259830474854,0.223,0.158,-1.144,1.1761925862714828
30.136460542678833,0.245,0.418,-1.316,1.4023569445758095
30.137296676635742,0.195,0.687,-1.424,1.5930379782039097
30.137296676635742,0.165,0.739,-1.426,1.6145655762464404
30.18434453010559,0.101,0.822,-1.385,1.6137255032997402
30.18434453010559,-0.01,0.879,-1.131,1.4324461595466687
30.18434453010559,-0.036,0.881,-1.042,1.3649985347977485
30.252430200576782,-0.098,0.843,-0.747,1.1306024942480888
30.252430200576782,-0.115,0.821,-0.649,1.0528375943135768
30.252430200576782,-0.141,0.782,-0.53,0.9551465856087222
30.311814546585083,-0.235,0.78,-0.202,0.8393026867584782
30.311814546585083,-0.287,0.893,0.126,0.9464111157419909
30.311814546585083,-0.261,0.819,0.129,0.8692082604301457
30.37508749961853,-0.183,0.607,0.117,0.644691399042984
30.37508749961853,-0.219,0.542,0.21,0.6211481304809667
30.37508749961853,-0.219,0.542,0.21,0.6211481304809667
30.422687292099,-0.375,0.817,0.355,0.9665086652482738
30.422687292099,-0.493,1.19,0.545,1.3986329039458496
30.422687292099,-0.515,1.34,0.613,1.5609593204180563
30.48612380027771,-0.487,1.518,0.689,1.7367250789920667
30.48612380027771,-0.407,1.345,0.638,1.5432815686063253
30.48612380027771,-0.407,1.345,0.638,1.5432815686063253
30.549803018569946,-0.328,1.122,0.549,1.2914600264816563
30.549803018569946,-0.231,0.85,0.426,0.9784359968848243
30.549803018569946,-0.198,0.777,0.406,0.8987597009212196
30.61380648612976,-0.172,0.737,0.384,0.848651282918962
30.61380648612976,-0.173,0.756,0.391,0.8685309436053502
30.61380648612976,-0.187,0.793,0.411,0.9125453413392675
30.66197156906128,-0.214,0.862,0.445,0.9934107911634541
30.66197156906128,-0.218,0.903,0.467,1.03972207824976
30.677729606628418,-0.214,0.938,0.48,1.075193005929633
30.72547721862793,-0.207,1.006,0.506,1.144954584252144
30.72547721862793,-0.186,1.013,0.503,1.1461998080614042
30.72547721862793,-0.186,1.013,0.503,1.1461998080614042
30.788450956344604,-0.186,1.007,0.496,1.1378317098762891
30.788450956344604,-0.194,0.986,0.49,1.1180035778118065
30.788450956344604,-0.192,0.957,0.476,1.0859507355308526
30.851860284805298,-0.208,0.94,0.473,1.0726569815183231
30.851860284805298,-0.233,0.944,0.475,1.0821506364642586
30.851860284805298,-0.235,0.918,0.461,1.0537884038078993
30.915279388427734,-0.242,0.895,0.462,1.0358730617213676
30.917225122451782,-0.254,0.908,0.471,1.0539549326228328
30.918168544769287,-0.258,0.895,0.466,1.0415109216902145
30.96272301673889,-0.25,0.843,0.439,0.9827868537989303
30.96272301673889,-0.289,0.94,0.505,1.1055071234505909
30.96272301673889,-0.316,1.02,0.549,1.2006902181662014
31.030192852020264,-0.374,1.179,0.607,1.3778120336243258
31.030192852020264,-0.4,1.213,0.524,1.380559669119738
31.030192852020264,-0.381,1.138,0.461,1.2855839140250627
31.089658498764038,-0.338,0.99,0.345,1.1015302991747435
31.089658498764038,-0.194,0.808,0.094,0.8362631164890629
31.089658498764038,-0.194,0.808,0.094,0.8362631164890629
31.154637336730957,-0.095,0.677,-0.058,0.6860889155204302
31.154637336730957,0.025,0.518,-0.243,0.5727110964526531
31.154637336730957,0.07,0.46,-0.364,0.5907588340431313
31.21119737625122,0.09,0.467,-0.642,0.7989699618884305
31.21676754951477,0.09,0.508,-0.73,0.8939037979559098
31.21676754951477,0.091,0.552,-0.822,0.9943183594805036
31.26431107521057,0.081,0.614,-0.982,1.1609827733433429
31.26431107521057,0.05,0.683,-1.105,1.3000053846042332
31.26431107521057,0.033,0.746,-1.169,1.3871431072531775
31.328409910202026,0.013,0.904,-1.32,1.5999328110892659
31.328409910202026,0.07,1.294,-1.729,2.1607352915153677
31.328409910202026,0.116,1.333,-1.833,2.2694126993563777
31.39160990715027,0.191,1.218,-1.929,2.2893330906619944
31.39160990715027,0.229,0.994,-1.845,2.1081987572332928
31.39160990715027,0.261,0.875,-1.751,1.974777709009295
31.454587697982788,0.37,0.544,-1.458,1.5995624401691857
31.454587697982788,0.348,0.213,-0.805,0.902495429351307
31.457834005355835,0.275,0.325,-0.728,0.843346903711634
31.51317310333252,0.096,0.726,-0.662,0.9871858994130741
31.51317310333252,-0.073,1.285,-0.665,1.4487163283403688
31.51317310333252,-0.148,1.614,-0.677,1.7564819953532118
31.56938672065735,-0.263,2.235,-0.703,2.3576689759166785
31.56938672065735,-0.236,2.671,-0.966,2.850104033188964
31.56938672065735,-0.174,2.626,-1.05,2.8334876036432557
31.628585815429688,-0.027,2.48,-1.166,2.7405628983841988
31.628585815429688,0.114,2.346,-1.18,2.6285189746319126
31.628585815429688,0.114,2.346,-1.18,2.6285189746319126
31.692176580429077,0.134,2.46,-1.138,2.7137796520719952
31.692176580429077,-0.016,2.479,-1.003,2.6742673763107536
31.692176580429077,-0.078,2.478,-0.969,2.6618656990915226
31.755402326583862,-0.136,2.389,-0.842,2.5366870126209893
31.755402326583862,-0.103,2.233,-0.756,2.359752953171158
31.755402326583862,-0.103,2.233,-0.756,2.359752953171158
31.813434600830078,-0.066,1.876,-0.646,1.9852072939620182
31.813434600830078,-0.097,1.494,-0.582,1.6062904469615698
31.813434600830078,-0.111,1.395,-0.558,1.5065556743778175
31.866484880447388,-0.154,1.303,-0.502,1.404823476455316
31.866484880447388,-0.203,1.346,-0.445,1.432113822292069
31.866484880447388,-0.203,1.346,-0.445,1.432113822292069
31.929727792739868,-0.121,1.145,-0.417,1.224563187426439
31.929727792739868,-0.082,0.953,-0.388,1.03221945341095
31.929727792739868,-0.066,0.866,-0.378,0.9472043074226384
31.994097471237183,-0.032,0.728,-0.37,0.8172563857199281
31.994097471237183,0.007,0.584,-0.335,0.6732978538507308
31.994097471237183,0.009,0.565,-0.32,0.6493889435461616
32.05278253555298,0.015,0.555,-0.316,0.6388317462368319
32.05278253555298,0.059,0.619,-0.372,0.7245867787918849
32.057801723480225,0.083,0.687,-0.401,0.7997868466035185
32.115193367004395,0.138,0.886,-0.456,1.005970178484432
32.115193367004395,0.2,1.304,-0.611,1.4538696640345723
32.115193367004395,0.201,1.5,-0.681,1.6595668109479653
32.16859483718872,0.165,1.971,-0.805,2.135436957627174
32.16859483718872,0.041,2.801,-0.962,2.961878795629558
32.16859483718872,-0.006,3.036,-0.97,3.18719814256974
32.235514402389526,-0.118,3.307,-0.951,3.443047196888245
32.235514402389526,-0.202,3.292,-1.065,3.465875502668842
32.235514402389526,-0.202,3.292,-1.065,3.465875502668842
32.29519987106323,-0.088,3.154,-1.143,3.3558767855807816
32.29519987106323,-0.015,2.886,-1.17,3.1141806305993236
32.29519987106323,-0.015,2.886,-1.17,3.1141806305993236
32.35314202308655,-0.04,2.748,-1.167,2.9857985531512337
32.35314202308655,-0.029,2.479,-1.142,2.7295505124470587
32.35314202308655,-0.029,2.479,-1.142,2.7295505124470587
32.41633057594299,-0.012,2.264,-1.159,2.5434466772472346
32.41633057594299,0.042,2.165,-1.123,2.4392863710519928
32.41633057594299,0.079,2.143,-1.098,2.4092102440426406
